[
 {
    "model": "auth.user",
    "pk": 1,
    "fields": {
      "password": "pbkdf2_sha256$120000$BkM2pAAYVtSW$PB6v/2vsjMZesWfzLzbzZjjdjxo19KFDaPr8vcTcuEc=",
      "last_login": "2019-06-20T15:30:33.998Z",
      "is_superuser": true,
      "username": "testuser",
      "first_name": "",
      "last_name": "",
      "email": "testuser@ebi.ec.uk",
      "is_staff": true,
      "is_active": true,
      "date_joined": "2019-03-26T11:23:02.067Z",
      "groups": [],
      "user_permissions": []
    }
  },
  {
    "model": "auth.user",
    "pk": 2,
    "fields": {
      "password": "pbkdf2_sha256$120000$BkM2pAAYVtSW$PB6v/2vsjMZesWfzLzbzZjjdjxo19KFDaPr8vcTcuEc=",
      "last_login": "2019-06-20T15:30:33.998Z",
      "is_superuser": true,
      "username": "testuserupdate",
      "first_name": "",
      "last_name": "",
      "email": "testuserupdate@ebi.ec.uk",
      "is_staff": true,
      "is_active": true,
      "date_joined": "2019-03-26T11:23:02.067Z",
      "groups": [],
      "user_permissions": []
    }
  },
  {
    "model": "ensembl_production_db.analysisdescription",
    "pk": 1,
    "fields": {
      "created_by": null,
      "created_at": "2019-03-21T15:00:34Z",
      "modified_by": 5132,
      "modified_at": "2012-02-28T13:21:21Z",
      "is_current": 1,
      "logic_name": "ab_initio_repeatmask",
      "description": "Interspersed repeats and low complexity sequence identified by <a rel=\"external\" href=\"http://www.repeatmasker.org/\">RepeatMasker</a> using ab initio repeat profiles specific to the species.",
      "display_label": "Repeats (from Recon)",
      "db_version": 1,
      "web_data": null,
      "displayable": 1
    }
  },
  {
    "model": "ensembl_production_db.analysisdescription",
    "pk": 2,
    "fields": {
      "created_by": null,
      "created_at": "2019-03-21T15:00:34Z",
      "modified_by": 5132,
      "modified_at": "2011-05-11T14:48:25Z",
      "is_current": 1,
      "logic_name": "assembly_patch_ensembl",
      "description": "Annotation produced by aligning human cDNA sequences to the genome using <a rel=\"external\" href=\"http://www.biomedcentral.com/1471-2105/6/31\">Exonerate's</a> cdna2genome model, which utilises annotation identifying the coding regions of the cDNA sequences, along with protein evidence from <a rel=\"external\" href=\"http://www.uniprot.org/\">UniProtKB</a>, from various species, aligned to the genome using <a rel=\"external\" href=\"http://genome.cshlp.org/content/14/5/988.abstract?maxtoshow=&amp%3bHITS=10&amp%3bhits=10&amp%3bRESULTFORMAT=&amp%3bandorexactfulltext=and&amp%3bsearchid=1&amp%3bFIRSTINDEX=0&amp%3bsortspec=relevance&amp%3bvolume=14&amp%3bfirstpage=988&amp%3bresourcetype=HWCIT\">GeneWise</a>. This annotation is used where there is no manual annotation and annotation could not be projected from the <a rel=\"external\" href=\"http://www.ncbi.nlm.nih.gov/projects/genome/assembly/grc/info/definitions.shtml\">primary assembly</a>.",
      "display_label": "Ensembl assembly patch",
      "db_version": 0,
      "web_data": 3,
      "displayable": 1
    }
  },
  {
    "model": "ensembl_production_db.analysisdescription",
    "pk": 3,
    "fields": {
      "created_by": null,
      "created_at": "2019-03-21T15:00:34Z",
      "modified_by": null,
      "modified_at": "2019-03-21T15:00:34Z",
      "is_current": 1,
      "logic_name": "bacends",
      "description": "Bacterial Artificial Chromosome (end sequences) of library clones that were used in the sequencing project are aligned to the genome using <a rel=\"external\" href=\"http://www.sanger.ac.uk/resources/software/\">SSAHA2</a>.",
      "display_label": "BAC ends",
      "db_version": 1,
      "web_data": 24,
      "displayable": 1
    }
  },
  {
    "model": "ensembl_production_db.analysisdescription",
    "pk": 4,
    "fields": {
      "created_by": null,
      "created_at": "2019-03-21T15:00:34Z",
      "modified_by": 5132,
      "modified_at": "2012-04-05T13:08:56Z",
      "is_current": 1,
      "logic_name": "bgi_augustus_geneset",
      "description": "Gene predictions generated by the BGI using Augustus.",
      "display_label": "Augustus BGI predictions",
      "db_version": 0,
      "web_data": null,
      "displayable": 1
    }
  },
  {
    "model": "ensembl_production_db.analysisdescription",
    "pk": 5,
    "fields": {
      "created_by": null,
      "created_at": "2019-03-21T15:00:34Z",
      "modified_by": 5132,
      "modified_at": "2012-04-05T13:08:51Z",
      "is_current": 1,
      "logic_name": "bgi_genewise_geneset",
      "description": "Gene predictions generated by the BGI using Genewise to align human and dog Ensembl translations.",
      "display_label": "Genewise BGI predictions",
      "db_version": 0,
      "web_data": null,
      "displayable": 1
    }
  },
  {
    "model": "ensembl_production_db.analysisdescription",
    "pk": 6,
    "fields": {
      "created_by": null,
      "created_at": "2019-03-21T15:00:34Z",
      "modified_by": 5132,
      "modified_at": "2012-04-05T13:08:48Z",
      "is_current": 1,
      "logic_name": "bgi_genscan_geneset",
      "description": "Gene predictions generated by the BGI using <a rel=\"external\" href=\"http://www.sciencedirect.com/science?_ob=ArticleURL&amp;_udi=B6WK7-45VGF7T-9&amp;_user=776054&amp;_rdoc=1&amp;_fmt=&amp;_orig=search&amp;_sort=d&amp;view=c&amp;_version=1&amp;_urlVersion=0&amp;_userid=776054&amp;md5=aa15a5f8122912c172ddb9dd15b237dc\">Genscan</a>.",
      "display_label": "Genscan BGI predictions",
      "db_version": 0,
      "web_data": null,
      "displayable": 1
    }
  },
  {
    "model": "ensembl_production_db.analysisdescription",
    "pk": 7,
    "fields": {
      "created_by": null,
      "created_at": "2019-03-21T15:00:34Z",
      "modified_by": 77795,
      "modified_at": "2018-10-19T15:24:57Z",
      "is_current": 1,
      "logic_name": "blastmirna",
      "description": "Positions of miRNAs along the genome are shown. A BLASTN of genomic sequence regions against <a rel=\"external\" href=\"http://www.mirbase.org/\">miRBase</a> sequences is performed, and hits are clustered and filtered by E value. Aligned genomic sequence is then checked for possible secondary structure using RNAFold. If evidence is found that the genomic sequence could form a stable hairpin structure the locus is used to create a miRNA gene model. The resulting BLAST hit is used as supporting evidence for the miRNA gene. See <a href=\"/info/genome/genebuild/ncrna.html\" class=\"cp-external\">article</a>.",
      "display_label": "miRNAs (miRBase)",
      "db_version": 1,
      "web_data": null,
      "displayable": 0
    }
  },
  {
    "model": "ensembl_production_db.analysisdescription",
    "pk": 8,
    "fields": {
      "created_by": null,
      "created_at": "2019-03-21T15:00:34Z",
      "modified_by": null,
      "modified_at": "2019-03-21T15:00:34Z",
      "is_current": 1,
      "logic_name": "blastprodom",
      "description": "NCBI-BlastP search against ProDom families",
      "display_label": "blastprodom",
      "db_version": 1,
      "web_data": 15,
      "displayable": 1
    }
  },
  {
    "model": "ensembl_production_db.analysisdescription",
    "pk": 10,
    "fields": {
      "created_by": null,
      "created_at": "2019-03-21T15:00:34Z",
      "modified_by": 104856,
      "modified_at": "2012-03-20T11:57:01Z",
      "is_current": 1,
      "logic_name": "brepepx",
      "description": "Caenorhabditis brenneri proteins aligned by WU-BlastX",
      "display_label": "C.brenneri proteins",
      "db_version": 1,
      "web_data": null,
      "displayable": 1
    }
  },
  {
    "model": "ensembl_production_db.analysisdescription",
    "pk": 12,
    "fields": {
      "created_by": null,
      "created_at": "2019-03-21T15:00:34Z",
      "modified_by": 104856,
      "modified_at": "2012-03-20T11:57:34Z",
      "is_current": 1,
      "logic_name": "brigpepx",
      "description": "Caenorhabditis briggsae proteins aligned by WU-BlastX",
      "display_label": "C.briggsae proteins",
      "db_version": 1,
      "web_data": null,
      "displayable": 1
    }
  },
  {
    "model": "ensembl_production_db.analysisdescription",
    "pk": 15,
    "fields": {
      "created_by": null,
      "created_at": "2019-03-21T15:00:34Z",
      "modified_by": null,
      "modified_at": "2019-03-21T15:00:34Z",
      "is_current": 1,
      "logic_name": "ccds",
      "description": "Protein coding sequences agreed upon by the Consensus Coding Sequence project, or <a href=\"/info/genome/genebuild/ccds.html\" class=\"cp-external\">CCDS</a>.",
      "display_label": "CCDS set",
      "db_version": 1,
      "web_data": 46,
      "displayable": 1
    }
  },
  {
    "model": "ensembl_production_db.analysisdescription",
    "pk": 16,
    "fields": {
      "created_by": null,
      "created_at": "2019-03-21T15:00:34Z",
      "modified_by": null,
      "modified_at": "2019-03-21T15:00:34Z",
      "is_current": 1,
      "logic_name": "ccds_import",
      "description": "Protein coding sequences agreed upon by the Consensus Coding Sequence project, or <a href=\"/info/genome/genebuild/ccds.html\" class=\"cp-external\">CCDS</a>.",
      "display_label": "CCDS set",
      "db_version": 1,
      "web_data": null,
      "displayable": 1
    }
  },
  {
    "model": "ensembl_production_db.analysisdescription",
    "pk": 17,
    "fields": {
      "created_by": null,
      "created_at": "2019-03-21T15:00:34Z",
      "modified_by": 101214,
      "modified_at": "2015-06-19T12:36:20Z",
      "is_current": 1,
      "logic_name": "cdm",
      "description": "Tetraodon cDNAs were prepared from 7 adult tissues by Genoscope, and aligned using BLAST and EST2GENOME <arel=\"external\" rel=\"externa\" href=\"http://europepmc.org/abstract/MED/9283765?ordinalpos=2&amp;itool=EntrezSystem2.PEntrez.Pubmed.Pubmed_ResultsPanel.Pubmed_RVDocSum\">(R. Mott, Comput Appl Biosci. 1997 13:477-8)</a>.",
      "display_label": "Tetraodon cDNAs",
      "db_version": 1,
      "web_data": null,
      "displayable": 1
    }
  },
  {
    "model": "ensembl_production_db.analysisdescription",
    "pk": 18,
    "fields": {
      "created_by": null,
      "created_at": "2019-03-21T15:00:34Z",
      "modified_by": 5132,
      "modified_at": "2012-04-05T13:05:59Z",
      "is_current": 1,
      "logic_name": "cdna_exonerate",
      "description": "cDNA sequences are mapped onto the genome using <a rel=\"external\" href=\"http://www.biomedcentral.com/1471-2105/6/31\">Exonerate</a>.",
      "display_label": "cDNAs",
      "db_version": 1,
      "web_data": null,
      "displayable": 0
    }
  },
  {
    "model": "ensembl_production_db.analysisdescription",
    "pk": 19,
    "fields": {
      "created_by": null,
      "created_at": "2019-03-21T15:00:34Z",
      "modified_by": null,
      "modified_at": "2019-03-21T15:00:34Z",
      "is_current": 1,
      "logic_name": "cdna_update",
      "description": "The latest set of cDNAs for this species from the European Nucleotide Archive and NCBI RefSeq were aligned to the current genome using <a rel=\"external\" href=\"http://www.ebi.ac.uk/~guy/exonerate/\">Exonerate</a>.",
      "display_label": "cDNA update",
      "db_version": 1,
      "web_data": null,
      "displayable": 1
    }
  },
  {
    "model": "ensembl_production_db.analysisdescription",
    "pk": 20,
    "fields": {
      "created_by": null,
      "created_at": "2019-03-21T15:00:34Z",
      "modified_by": 104856,
      "modified_at": "2012-03-20T13:46:30Z",
      "is_current": 1,
      "logic_name": "celegans_est",
      "description": "Caenorhabditis elegans ESTs aligned to the genome using <a rel=\"external\" href=\"http://www.ncbi.nlm.nih.gov/pmc/articles/PMC187518/?tool=pubmed\">BLAT</a>",
      "display_label": "C.elegans ESTs",
      "db_version": 1,
      "web_data": 36,
      "displayable": 1
    }
  },
  {
    "model": "ensembl_production_db.analysisdescription",
    "pk": 21,
    "fields": {
      "created_by": null,
      "created_at": "2019-03-21T15:00:34Z",
      "modified_by": 104856,
      "modified_at": "2012-03-20T13:46:40Z",
      "is_current": 1,
      "logic_name": "celegans_mrna",
      "description": "Caenorhabditis elegans mRNAs are aligned to the genome using <a rel=\"external\" href=\"http://www.ncbi.nlm.nih.gov/pmc/articles/PMC187518/?tool=pubmed\">BLAT</a>",
      "display_label": "C.elegans mRNAs",
      "db_version": 1,
      "web_data": 9,
      "displayable": 1
    }
  },
  {
    "model": "ensembl_production_db.analysisdescription",
    "pk": 22,
    "fields": {
      "created_by": null,
      "created_at": "2019-03-21T15:00:34Z",
      "modified_by": 5132,
      "modified_at": "2012-04-05T13:06:08Z",
      "is_current": 1,
      "logic_name": "chicken_cdna",
      "description": "Chicken cDNAs from <a rel=\"external\" href=\"http://www.ncbi.nlm.nih.gov/refseq/\">NCBI RefSeq</a> and <a rel=\"external\" href=\"http://www.ebi.ac.uk/ena/\">ENA</a> are aligned to the genome using <a rel=\"external\" href=\"http://www.biomedcentral.com/1471-2105/6/31\">Exonerate</a>.",
      "display_label": "Chicken cDNAs",
      "db_version": 1,
      "web_data": 9,
      "displayable": 0
    }
  },
  {
    "model": "ensembl_production_db.analysisdescription",
    "pk": 23,
    "fields": {
      "created_by": null,
      "created_at": "2019-03-21T15:00:34Z",
      "modified_by": 5132,
      "modified_at": "2012-04-05T13:06:17Z",
      "is_current": 1,
      "logic_name": "chicken_est",
      "description": "Chicken 'Expressed Sequence Tags' (ESTs) from <a rel=\"external\" href=\"http://www.ncbi.nlm.nih.gov/dbEST/\">dbEST</a> are aligned to the genome using <a rel=\"external\" href=\"http://www.biomedcentral.com/1471-2105/6/31\">Exonerate</a>.",
      "display_label": "Chicken ESTs",
      "db_version": 1,
      "web_data": 34,
      "displayable": 0
    }
  },
  {
    "model": "ensembl_production_db.analysisdescription",
    "pk": 24,
    "fields": {
      "created_by": null,
      "created_at": "2019-03-21T15:00:34Z",
      "modified_by": 5132,
      "modified_at": "2012-04-05T13:06:24Z",
      "is_current": 1,
      "logic_name": "chicken_protein",
      "description": "Chicken protein sequences from <a rel=\"external\" href=\"http://www.uniprot.org/\">UniProtKB</a> and <a rel=\"external\" href=\"http://www.ncbi.nlm.nih.gov/refseq/\">NCBI RefSeq</a> are aligned to the genome using <a rel=\"external\" href=\"http://genome.cshlp.org/content/14/5/988.abstract?maxtoshow=&amp%3bHITS=10&amp%3bhits=10&amp%3bRESULTFORMAT=&amp%3bandorexactfulltext=and&amp%3bsearchid=1&amp%3bFIRSTINDEX=0&amp%3bsortspec=relevance&amp%3bvolume=14&amp%3bfirstpage=988&amp%3bresourcetype=HWCIT\">GeneWise</a> or <a rel=\"external\" href=\"http://www.biomedcentral.com/1471-2105/6/31\">Exonerate</a>.",
      "display_label": "Chicken proteins",
      "db_version": 1,
      "web_data": null,
      "displayable": 1
    }
  },
  {
    "model": "ensembl_production_db.analysisdescription",
    "pk": 25,
    "fields": {
      "created_by": null,
      "created_at": "2019-03-21T15:00:34Z",
      "modified_by": null,
      "modified_at": "2019-03-21T15:00:34Z",
      "is_current": 1,
      "logic_name": "chicken_repeatmask",
      "description": "<a rel=\"external\" href=\"http://www.repeatmasker.org\">RepeatMasker</a> is used to find repeats and low-complexity sequences using a chicken repeat library. This track usually shows repeats alone (not low-complexity sequences).",
      "display_label": "Repeats (Chicken)",
      "db_version": 1,
      "web_data": null,
      "displayable": 1
    }
  },
  {
    "model": "ensembl_production_db.analysisdescription",
    "pk": 26,
    "fields": {
      "created_by": null,
      "created_at": "2019-03-21T15:00:34Z",
      "modified_by": 5132,
      "modified_at": "2012-04-05T13:06:36Z",
      "is_current": 1,
      "logic_name": "chimp_cdna",
      "description": "Pan troglodytes cDNAs from <a rel=\"external\" href=\"http://www.ncbi.nlm.nih.gov/refseq/\">NCBI RefSeq</a> and <a rel=\"external\" href=\"http://www.ebi.ac.uk/ena/\">ENA</a> are aligned to the genome using <a rel=\"external\" href=\"http://www.biomedcentral.com/1471-2105/6/31\">Exonerate</a>.",
      "display_label": "Chimpanzee cDNAs",
      "db_version": 1,
      "web_data": 9,
      "displayable": 0
    }
  },
  {
    "model": "ensembl_production_db.analysisdescription",
    "pk": 27,
    "fields": {
      "created_by": null,
      "created_at": "2019-03-21T15:00:34Z",
      "modified_by": 5132,
      "modified_at": "2012-04-05T13:06:45Z",
      "is_current": 1,
      "logic_name": "chimp_est",
      "description": "Pan troglodytes 'Expressed Sequence Tags' (ESTs) from <a rel=\"external\" href=\"http://www.ncbi.nlm.nih.gov/dbEST/\">dbEST</a> are aligned to the genome using <a rel=\"external\" href=\"http://www.biomedcentral.com/1471-2105/6/31\">Exonerate</a>.",
      "display_label": "Chimpanzee ESTs",
      "db_version": 1,
      "web_data": 34,
      "displayable": 0
    }
  },
  {
    "model": "ensembl_production_db.analysisdescription",
    "pk": 29,
    "fields": {
      "created_by": null,
      "created_at": "2019-03-21T15:00:34Z",
      "modified_by": 5132,
      "modified_at": "2012-04-05T13:06:58Z",
      "is_current": 1,
      "logic_name": "chimp_protein",
      "description": "Pan troglodyes protein sequences from <a rel=\"external\" href=\"http://www.uniprot.org/\">UniProtKB</a> and <a rel=\"external\" href=\"http://www.ncbi.nlm.nih.gov/refseq/\">NCBI RefSeq</a> are aligned to the genome using <a rel=\"external\" href=\"http://genome.cshlp.org/content/14/5/988.abstract?maxtoshow=&amp%3bHITS=10&amp%3bhits=10&amp%3bRESULTFORMAT=&amp%3bandorexactfulltext=and&amp%3bsearchid=1&amp%3bFIRSTINDEX=0&amp%3bsortspec=relevance&amp%3bvolume=14&amp%3bfirstpage=988&amp%3bresourcetype=HWCIT\">GeneWise</a> or <a rel=\"external\" href=\"http://www.biomedcentral.com/1471-2105/6/31\">Exonerate</a>.",
      "display_label": "Chimpanzee proteins",
      "db_version": 1,
      "web_data": null,
      "displayable": 1
    }
  },
  {
    "model": "ensembl_production_db.analysisdescription",
    "pk": 30,
    "fields": {
      "created_by": null,
      "created_at": "2019-03-21T15:00:34Z",
      "modified_by": 5132,
      "modified_at": "2012-04-05T13:12:07Z",
      "is_current": 1,
      "logic_name": "cint_cdna",
      "description": "Ciona intestinalis cDNA sequences from the <a rel=\"external\" href=\"http://ghost.zool.kyoto-u.ac.jp/cgi-bin/gb2/gbrowse/kh/\">Ghost Database</a> are aligned to the genome using <a rel=\"external\" href=\"http://www.biomedcentral.com/1471-2105/6/31\">Exonerate</a>.",
      "display_label": "C.intestinalis cDNAs",
      "db_version": 1,
      "web_data": 9,
      "displayable": 0
    }
  },
  {
    "model": "ensembl_production_db.analysisdescription",
    "pk": 31,
    "fields": {
      "created_by": null,
      "created_at": "2019-03-21T15:00:34Z",
      "modified_by": 5132,
      "modified_at": "2012-04-05T13:12:14Z",
      "is_current": 1,
      "logic_name": "cint_est",
      "description": "Ciona intestinalis 'Expressed Sequence Tags' (ESTs) from <a rel=\"external\" href=\"http://www.ncbi.nlm.nih.gov/dbEST/\">dbEST</a> and the <a rel=\"external\" href=\"http://ghost.zool.kyoto-u.ac.jp/cgi-bin/gb2/gbrowse/kh/\">Ghost Database</a> are aligned to the genome using <a rel=\"external\" href=\"http://www.biomedcentral.com/1471-2105/6/31\">Exonerate</a>.",
      "display_label": "C.intestinalis ESTs",
      "db_version": 1,
      "web_data": 34,
      "displayable": 0
    }
  },
  {
    "model": "ensembl_production_db.analysisdescription",
    "pk": 32,
    "fields": {
      "created_by": null,
      "created_at": "2019-03-21T15:00:34Z",
      "modified_by": 5132,
      "modified_at": "2012-04-05T13:13:09Z",
      "is_current": 1,
      "logic_name": "cow_cdna",
      "description": "Cow cDNAs from <a rel=\"external\" href=\"http://www.ncbi.nlm.nih.gov/refseq/\">NCBI RefSeq</a> and <a rel=\"external\" href=\"http://www.ebi.ac.uk/ena/\">ENA</a> are aligned to the genome using <a rel=\"external\" href=\"http://www.biomedcentral.com/1471-2105/6/31\">Exonerate</a>.",
      "display_label": "Cow cDNAs",
      "db_version": 1,
      "web_data": 9,
      "displayable": 0
    }
  },
  {
    "model": "ensembl_production_db.analysisdescription",
    "pk": 33,
    "fields": {
      "created_by": null,
      "created_at": "2019-03-21T15:00:34Z",
      "modified_by": 5132,
      "modified_at": "2012-04-05T13:13:17Z",
      "is_current": 1,
      "logic_name": "cow_est",
      "description": "Cow 'Expressed Sequence Tags' (ESTs) from <a rel=\"external\" href=\"http://www.ncbi.nlm.nih.gov/dbEST/\">dbEST</a> are aligned to the genome using <a rel=\"external\" href=\"http://www.biomedcentral.com/1471-2105/6/31\">Exonerate</a>.",
      "display_label": "Cow ESTs",
      "db_version": 1,
      "web_data": 34,
      "displayable": 0
    }
  },
  {
    "model": "ensembl_production_db.analysisdescription",
    "pk": 34,
    "fields": {
      "created_by": null,
      "created_at": "2019-03-21T15:00:34Z",
      "modified_by": 5132,
      "modified_at": "2012-04-05T13:13:24Z",
      "is_current": 1,
      "logic_name": "cow_protein",
      "description": "Cow protein sequences from <a rel=\"external\" href=\"http://www.uniprot.org/\">UniProtKB</a> and <a rel=\"external\" href=\"http://www.ncbi.nlm.nih.gov/refseq/\">NCBI RefSeq</a> are aligned to the genome using <a rel=\"external\" href=\"http://genome.cshlp.org/content/14/5/988.abstract?maxtoshow=&amp%3bHITS=10&amp%3bhits=10&amp%3bRESULTFORMAT=&amp%3bandorexactfulltext=and&amp%3bsearchid=1&amp%3bFIRSTINDEX=0&amp%3bsortspec=relevance&amp%3bvolume=14&amp%3bfirstpage=988&amp%3bresourcetype=HWCIT\">GeneWise</a> or <a rel=\"external\" href=\"http://www.biomedcentral.com/1471-2105/6/31\">Exonerate</a>.",
      "display_label": "Cow proteins",
      "db_version": 1,
      "web_data": null,
      "displayable": 1
    }
  },
  {
    "model": "ensembl_production_db.analysisdescription",
    "pk": 35,
    "fields": {
      "created_by": null,
      "created_at": "2019-03-21T15:00:34Z",
      "modified_by": 5132,
      "modified_at": "2013-08-27T13:29:47Z",
      "is_current": 1,
      "logic_name": "cpg",
      "description": "CpG islands are regions of nucleic acid sequence containing a high number of adjacent cytosine guanine pairs (along one strand). Usually unmethylated, they are associated with promoters and regulatory regions. They are determined from the genomic sequence using a program written by G. Micklem, similar to <a rel=\"external\" href=\"http://emboss.sourceforge.net/apps/cvs/emboss/apps/newcpgreport.html\">newcpgreport</a> in the EMBOSS package.",
      "display_label": "CpG islands",
      "db_version": 0,
      "web_data": null,
      "displayable": 1
    }
  },
  {
    "model": "ensembl_production_db.analysisdescription",
    "pk": 36,
    "fields": {
      "created_by": null,
      "created_at": "2019-03-21T15:00:34Z",
      "modified_by": 5132,
      "modified_at": "2011-05-12T13:24:25Z",
      "is_current": 1,
      "logic_name": "cyt",
      "description": "Cytokine model, manually curated by Genoscope",
      "display_label": "Cytokine",
      "db_version": 1,
      "web_data": null,
      "displayable": 1
    }
  },
  {
    "model": "ensembl_production_db.analysisdescription",
    "pk": 37,
    "fields": {
      "created_by": null,
      "created_at": "2019-03-21T15:00:34Z",
      "modified_by": null,
      "modified_at": "2019-03-21T15:00:34Z",
      "is_current": 1,
      "logic_name": "deletion",
      "description": "Feature imported from <a rel=\"external\" href=\"http://www.flybase.org\">FlyBase</a>.",
      "display_label": "Deletion",
      "db_version": 1,
      "web_data": null,
      "displayable": 0
    }
  },
  {
    "model": "ensembl_production_db.analysisdescription",
    "pk": 38,
    "fields": {
      "created_by": null,
      "created_at": "2019-03-21T15:00:34Z",
      "modified_by": 101214,
      "modified_at": "2015-06-19T12:05:44Z",
      "is_current": 1,
      "logic_name": "dog_ensembl_protein",
      "description": "Dog protein sequences from <a href=\"http://www.ensembl.org\">Ensembl</a> are aligned to the genome using <a rel=\"external\" href=\"http://www.biomedcentral.com/1471-2105/ 6/31\">Exonerate</a>.",
      "display_label": "Dog Ensembl protein",
      "db_version": 1,
      "web_data": null,
      "displayable": 0
    }
  },
  {
    "model": "ensembl_production_db.analysisdescription",
    "pk": 39,
    "fields": {
      "created_by": null,
      "created_at": "2019-03-21T15:00:34Z",
      "modified_by": 5132,
      "modified_at": "2012-04-05T13:13:56Z",
      "is_current": 1,
      "logic_name": "dog_est",
      "description": "Dog 'Expressed Sequence Tags' (ESTs) from <a rel=\"external\" href=\"http://www.ncbi.nlm.nih.gov/dbEST/\">dbEST</a> are aligned to the genome using <a rel=\"external\" href=\"http://www.biomedcentral.com/1471-2105/6/31\">Exonerate</a>.",
      "display_label": "Dog ESTs",
      "db_version": 1,
      "web_data": 34,
      "displayable": 0
    }
  },
  {
    "model": "ensembl_production_db.analysisdescription",
    "pk": 40,
    "fields": {
      "created_by": null,
      "created_at": "2019-03-21T15:00:34Z",
      "modified_by": 5132,
      "modified_at": "2012-04-05T13:14:03Z",
      "is_current": 1,
      "logic_name": "dog_protein",
      "description": "Dog protein sequences from <a rel=\"external\" href=\"http://www.uniprot.org/\">UniProtKB</a> and <a rel=\"external\" href=\"http://www.ncbi.nlm.nih.gov/refseq/\">NCBI RefSeq</a> are aligned to the genome using <a rel=\"external\" href=\"http://genome.cshlp.org/content/14/5/988.abstract?maxtoshow=&amp%3bHITS=10&amp%3bhits=10&amp%3bRESULTFORMAT=&amp%3bandorexactfulltext=and&amp%3bsearchid=1&amp%3bFIRSTINDEX=0&amp%3bsortspec=relevance&amp%3bvolume=14&amp%3bfirstpage=988&amp%3bresourcetype=HWCIT\">GeneWise</a> or <a rel=\"external\" href=\"http://www.biomedcentral.com/1471-2105/6/31\">Exonerate</a>.",
      "display_label": "Dog proteins",
      "db_version": 1,
      "web_data": null,
      "displayable": 1
    }
  },
  {
    "model": "ensembl_production_db.analysisdescription",
    "pk": 41,
    "fields": {
      "created_by": null,
      "created_at": "2019-03-21T15:00:34Z",
      "modified_by": 105967,
      "modified_at": "2015-01-09T11:49:08Z",
      "is_current": 1,
      "logic_name": "drosophila_cdna_all",
      "description": "Drosophila melanogaster cDNA sequences from <a rel=\"external\" href=\"http://www.fruitfly.org\">BDGP</a> are aligned to the genome using <a rel=\"external\" href=\"http://www.biomedcentral.com/1471-2105/6/31\">Exonerate</a>.",
      "display_label": "Fly cDNA",
      "db_version": 0,
      "web_data": null,
      "displayable": 1
    }
  },
  {
    "model": "ensembl_production_db.analysisdescription",
    "pk": 42,
    "fields": {
      "created_by": null,
      "created_at": "2019-03-21T15:00:34Z",
      "modified_by": 105967,
      "modified_at": "2015-01-09T11:49:41Z",
      "is_current": 1,
      "logic_name": "drosophila_est",
      "description": "Drosophila melanogaster 'Expressed Sequence Tags' (ESTs) from <a rel=\"external\" href=\"http://www.ncbi.nlm.nih.gov/dbEST/\">dbEST</a> are aligned to the genome using <a rel=\"external\" href=\"http://www.biomedcentral.com/1471-2105/6/31\">Exonerate</a>.",
      "display_label": "Fly EST",
      "db_version": 0,
      "web_data": null,
      "displayable": 1
    }
  },
  {
    "model": "ensembl_production_db.analysisdescription",
    "pk": 43,
    "fields": {
      "created_by": null,
      "created_at": "2019-03-21T15:00:34Z",
      "modified_by": 105967,
      "modified_at": "2015-01-09T11:50:19Z",
      "is_current": 1,
      "logic_name": "drosophila_gold_cdna",
      "description": "Drosophila melanogaster cDNA sequences from the Drosophila <a rel=\"external\" href=\"http://www.fruitfly.org\">Gold Collection</a> are aligned to the genome using <a rel=\"external\" href=\"http://www.biomedcentral.com/1471-2105/6/31\">Exonerate</a>.",
      "display_label": "Fly gold cDNA",
      "db_version": 0,
      "web_data": null,
      "displayable": 1
    }
  },
  {
    "model": "ensembl_production_db.analysisdescription",
    "pk": 44,
    "fields": {
      "created_by": null,
      "created_at": "2019-03-21T15:00:34Z",
      "modified_by": null,
      "modified_at": "2019-03-21T15:00:34Z",
      "is_current": 1,
      "logic_name": "dust",
      "description": "Dust is a program that identifies low-complexity sequences (regions of the genome with a biased distribution of nucleotides, such as a repeat). The Dust module is widely used with BLAST to prevent 'sticky' regions from determining false hits.",
      "display_label": "Low complexity (Dust)",
      "db_version": 0,
      "web_data": null,
      "displayable": 1
    }
  },
  {
    "model": "ensembl_production_db.analysisdescription",
    "pk": 45,
    "fields": {
      "created_by": null,
      "created_at": "2019-03-21T15:00:34Z",
      "modified_by": null,
      "modified_at": "2019-03-21T15:00:34Z",
      "is_current": 1,
      "logic_name": "eg3_fr",
      "description": "Evolutionary conserved regions (\"Ecores\") are inferred from alignments of the Fugu and Tetraodon genomes by <a rel=\"external\" href=\"http://www.nature.com/ng/journal/v25/n2/abs/ng0600_235.html\">Exofish, H. Roest Crollius et al.,</a> and grouped into contiguous, consistent sets (\"Ecotigs\")",
      "display_label": "Takifugu Ecores",
      "db_version": 1,
      "web_data": null,
      "displayable": 1
    }
  },
  {
    "model": "ensembl_production_db.analysisdescription",
    "pk": 46,
    "fields": {
      "created_by": null,
      "created_at": "2019-03-21T15:00:34Z",
      "modified_by": null,
      "modified_at": "2019-03-21T15:00:34Z",
      "is_current": 1,
      "logic_name": "eg3_gg",
      "description": "Evolutionary conserved regions(\"Ecores\") are inferred from alignments of the Chicken and Tetraodon genomes by <a rel=\"external\" href=\"http://www.nature.com/ng/journal/v25/n2/abs/ng0600_235.html\">Exofish, H. Roest Crollius et al.,</a> and grouped into contiguous, consistent sets (\"Ecotigs\")",
      "display_label": "Chicken Ecores",
      "db_version": 1,
      "web_data": null,
      "displayable": 1
    }
  },
  {
    "model": "ensembl_production_db.analysisdescription",
    "pk": 47,
    "fields": {
      "created_by": null,
      "created_at": "2019-03-21T15:00:34Z",
      "modified_by": null,
      "modified_at": "2019-03-21T15:00:34Z",
      "is_current": 1,
      "logic_name": "eg3_hs",
      "description": "Evolutionary conserved regions (\"Ecores\") are inferred from alignments of the Human and Tetraodon genomes by <a rel=\"external\" href=\"http://www.nature.com/ng/journal/v25/n2/abs/ng0600_235.html\">Exofish, H. Roest Crollius et al.,</a> and grouped into contiguous, consistent sets (\"Ecotigs\")",
      "display_label": "Human Ecores",
      "db_version": 1,
      "web_data": null,
      "displayable": 1
    }
  },
  {
    "model": "ensembl_production_db.analysisdescription",
    "pk": 48,
    "fields": {
      "created_by": null,
      "created_at": "2019-03-21T15:00:34Z",
      "modified_by": null,
      "modified_at": "2019-03-21T15:00:34Z",
      "is_current": 1,
      "logic_name": "eg3_mm",
      "description": "Evolutionary conserved regions (\"Ecores\") are inferred from alignments of the Mouse and Tetraodon genomes by <a rel=\"external\" href=\"http://www.nature.com/ng/journal/v25/n2/abs/ng0600_235.html\">Exofish, H. Roest Crollius et al.,</a> and grouped into contiguous, consistent sets (\"Ecotigs\")",
      "display_label": "Mouse Ecores",
      "db_version": 1,
      "web_data": null,
      "displayable": 1
    }
  },
  {
    "model": "ensembl_production_db.analysisdescription",
    "pk": 49,
    "fields": {
      "created_by": null,
      "created_at": "2019-03-21T15:00:34Z",
      "modified_by": null,
      "modified_at": "2019-03-21T15:00:34Z",
      "is_current": 1,
      "logic_name": "eg3_rn",
      "description": "Evolutionary conserved regions (\"Ecores\") are inferred from alignments of the Rat and Tetraodon genomes by <a rel=\"external\" href=\"http://www.nature.com/ng/journal/v25/n2/abs/ng0600_235.html\">Exofish, H. Roest Crollius et al.,</a> and grouped into contiguous, consistent sets (\"Ecotigs\")",
      "display_label": "Rat Ecores",
      "db_version": 1,
      "web_data": null,
      "displayable": 1
    }
  },
  {
    "model": "ensembl_production_db.analysisdescription",
    "pk": 50,
    "fields": {
      "created_by": null,
      "created_at": "2019-03-21T15:00:34Z",
      "modified_by": null,
      "modified_at": "2019-03-21T15:00:34Z",
      "is_current": 1,
      "logic_name": "enhancer",
      "description": "Feature imported from <a rel=\"external\" href=\"http://www.flybase.org\">FlyBase</a>.",
      "display_label": "Enhancer",
      "db_version": 1,
      "web_data": null,
      "displayable": 0
    }
  },
  {
    "model": "ensembl_production_db.webdata",
    "pk": 2,
    "fields": {
      "created_by": null,
      "created_at": "2019-03-21T15:00:34Z",
      "modified_by": 9335,
      "modified_at": "2012-08-21T13:30:15Z",
      "comment": null,
      "description": "Webdata 1"
    }
  },
  {
    "model": "ensembl_production_db.webdata",
    "pk": 3,
    "fields": {
      "created_by": null,
      "created_at": "2019-03-21T15:00:34Z",
      "modified_by": 5132,
      "modified_at": "2014-07-08T13:31:42Z",
      "comment": "Use this for human GENCODE",
      "description": "Webdata 2"
    }
  },
  {
    "model": "ensembl_production_db.webdata",
    "pk": 4,
    "fields": {
      "created_by": null,
      "created_at": "2019-03-21T15:00:34Z",
      "modified_by": null,
      "modified_at": "2019-03-21T15:00:34Z",
      "comment": null,
      "description": "Webdata 3"
    }
  },
  {
    "model": "ensembl_production_db.webdata",
    "pk": 5,
    "fields": {
      "created_by": null,
      "created_at": "2019-03-21T15:00:34Z",
      "modified_by": null,
      "modified_at": "2019-03-21T15:00:34Z",
      "comment": null,
      "description": "Webdata 4"
    }
  },
  {
    "model": "ensembl_production_db.webdata",
    "pk": 6,
    "fields": {
      "created_by": null,
      "created_at": "2019-03-21T15:00:34Z",
      "modified_by": null,
      "modified_at": "2019-03-21T15:00:34Z",
      "comment": null,
      "description": "Webdata 5"
    }
  },
  {
    "model": "ensembl_production_db.webdata",
    "pk": 7,
    "fields": {
      "created_by": null,
      "created_at": "2019-03-21T15:00:34Z",
      "modified_by": null,
      "modified_at": "2019-03-21T15:00:34Z",
      "comment": null,
      "description": "Webdata 6"
    }
  },
  {
    "model": "ensembl_production_db.webdata",
    "pk": 8,
    "fields": {
      "created_by": null,
      "created_at": "2019-03-21T15:00:34Z",
      "modified_by": null,
      "modified_at": "2019-03-21T15:00:34Z",
      "comment": null,
      "description": "Webdata 7"
    }
  },
  {
    "model": "ensembl_production_db.webdata",
    "pk": 9,
    "fields": {
      "created_by": null,
      "created_at": "2019-03-21T15:00:34Z",
      "modified_by": 97804,
      "modified_at": "2012-05-01T15:32:17Z",
      "comment": null,
      "description": "Webdata 8"
    }
  },
  {
    "model": "ensembl_production_db.webdata",
    "pk": 10,
    "fields": {
      "created_by": null,
      "created_at": "2019-03-21T15:00:34Z",
      "modified_by": null,
      "modified_at": "2019-03-21T15:00:34Z",
      "comment": null,
      "description": "Webdata 10"
    }
  },
  {
    "model": "ensembl_production_db.webdata",
    "pk": 11,
    "fields": {
      "created_by": null,
      "created_at": "2019-03-21T15:00:34Z",
      "modified_by": 104856,
      "modified_at": "2013-02-19T11:46:59Z",
      "comment": null,
      "description": "Webdata 11"
    }
  },
  {
    "model": "ensembl_production_db.webdata",
    "pk": 12,
    "fields": {
      "created_by": null,
      "created_at": "2019-03-21T15:00:34Z",
      "modified_by": 5132,
      "modified_at": "2013-10-08T09:55:58Z",
      "comment": null,
      "description": "Webdata 12"
    }
  },
  {
    "model": "ensembl_production_db.webdata",
    "pk": 13,
    "fields": {
      "created_by": null,
      "created_at": "2019-03-21T15:00:34Z",
      "modified_by": null,
      "modified_at": "2019-03-21T15:00:34Z",
      "comment": null,
      "description": "Webdata 13"
    }
  },
  {
    "model": "ensembl_production_db.webdata",
    "pk": 15,
    "fields": {
      "created_by": null,
      "created_at": "2019-03-21T15:00:34Z",
      "modified_by": null,
      "modified_at": "2019-03-21T15:00:34Z",
      "comment": null,
      "description": "Webdata 14"
    }
  },
  {
    "model": "ensembl_production_db.webdata",
    "pk": 17,
    "fields": {
      "created_by": null,
      "created_at": "2019-03-21T15:00:34Z",
      "modified_by": 5132,
      "modified_at": "2012-04-12T09:46:11Z",
      "comment": null,
      "description": "Webdata 15"
    }
  },
  {
    "model": "ensembl_production_db.webdata",
    "pk": 18,
    "fields": {
      "created_by": null,
      "created_at": "2019-03-21T15:00:34Z",
      "modified_by": null,
      "modified_at": "2019-03-21T15:00:34Z",
      "comment": null,
      "description": "Webdata 16"
    }
  },
  {
    "model": "ensembl_production_db.webdata",
    "pk": 19,
    "fields": {
      "created_by": null,
      "created_at": "2019-03-21T15:00:34Z",
      "modified_by": null,
      "modified_at": "2019-03-21T15:00:34Z",
      "comment": null,
      "description": "Webdata 17"
    }
  },
  {
    "model": "ensembl_production_db.webdata",
    "pk": 21,
    "fields": {
      "created_by": null,
      "created_at": "2019-03-21T15:00:34Z",
      "modified_by": null,
      "modified_at": "2019-03-21T15:00:34Z",
      "comment": null,
      "description": "Webdata 18"
    }
  },
  {
    "model": "ensembl_production_db.webdata",
    "pk": 22,
    "fields": {
      "created_by": null,
      "created_at": "2019-03-21T15:00:34Z",
      "modified_by": 5132,
      "modified_at": "2013-09-24T10:55:52Z",
      "comment": "Use for RNAseq introns",
      "description": "Webdata 19"
    }
  },
  {
    "model": "ensembl_production_db.webdata",
    "pk": 24,
    "fields": {
      "created_by": null,
      "created_at": "2019-03-21T15:00:34Z",
      "modified_by": null,
      "modified_at": "2019-03-21T15:00:34Z",
      "comment": null,
      "description": "Webdata 20"
    }
  },
  {
    "model": "ensembl_production_db.webdata",
    "pk": 25,
    "fields": {
      "created_by": null,
      "created_at": "2019-03-21T15:00:34Z",
      "modified_by": null,
      "modified_at": "2019-03-21T15:00:34Z",
      "comment": null,
      "description": "Webdata 21"
    }
  },
  {
    "model": "ensembl_production_db.webdata",
    "pk": 31,
    "fields": {
      "created_by": null,
      "created_at": "2019-03-21T15:00:34Z",
      "modified_by": 5132,
      "modified_at": "2012-04-12T09:49:30Z",
      "comment": null,
      "description": "Webdata 22"
    }
  },
  {
    "model": "ensembl_production_db.webdata",
    "pk": 32,
    "fields": {
      "created_by": null,
      "created_at": "2019-03-21T15:00:34Z",
      "modified_by": 97245,
      "modified_at": "2012-04-04T11:07:38Z",
      "comment": null,
      "description": "Webdata 22"
    }
  },
  {
    "model": "ensembl_production_db.webdata",
    "pk": 33,
    "fields": {
      "created_by": null,
      "created_at": "2019-03-21T15:00:34Z",
      "modified_by": 97245,
      "modified_at": "2017-07-19T15:47:44Z",
      "comment": null,
      "description": "Webdata 23"
    }
  },
  {
    "model": "ensembl_production_db.webdata",
    "pk": 34,
    "fields": {
      "created_by": null,
      "created_at": "2019-03-21T15:00:34Z",
      "modified_by": null,
      "modified_at": "2019-03-21T15:00:34Z",
      "comment": null,
      "description": "Webdata 24"
    }
  },
  {
    "model": "ensembl_production_db.webdata",
    "pk": 35,
    "fields": {
      "created_by": null,
      "created_at": "2019-03-21T15:00:34Z",
      "modified_by": 5132,
      "modified_at": "2012-04-20T12:56:30Z",
      "comment": "Deprecated. No longer used.",
      "description": "Webdata 25"
    }
  },
  {
    "model": "ensembl_production_db.webdata",
    "pk": 36,
    "fields": {
      "created_by": null,
      "created_at": "2019-03-21T15:00:34Z",
      "modified_by": 9335,
      "modified_at": "2012-06-15T13:52:40Z",
      "comment": null,
      "description": "Webdata 26"
    }
  },
  {
    "model": "ensembl_production_db.webdata",
    "pk": 37,
    "fields": {
      "created_by": null,
      "created_at": "2019-03-21T15:00:34Z",
      "modified_by": null,
      "modified_at": "2019-03-21T15:00:34Z",
      "comment": null,
      "description": "Webdata 27"
    }
  },
  {
    "model": "ensembl_production_db.webdata",
    "pk": 38,
    "fields": {
      "created_by": null,
      "created_at": "2019-03-21T15:00:34Z",
      "modified_by": 5132,
      "modified_at": "2012-08-25T12:26:27Z",
      "comment": null,
      "description": "Webdata 28"
    }
  },
  {
    "model": "ensembl_production_db.webdata",
    "pk": 39,
    "fields": {
      "created_by": null,
      "created_at": "2019-03-21T15:00:34Z",
      "modified_by": 5132,
      "modified_at": "2012-04-12T09:44:37Z",
      "comment": null,
      "description": "Webdata 29"
    }
  },
  {
    "model": "ensembl_production_db.webdata",
    "pk": 41,
    "fields": {
      "created_by": null,
      "created_at": "2019-03-21T15:00:34Z",
      "modified_by": 104856,
      "modified_at": "2012-03-20T14:09:43Z",
      "comment": null,
      "description": "Webdata 30"
    }
  },
  {
    "model": "ensembl_production_db.webdata",
    "pk": 42,
    "fields": {
      "created_by": null,
      "created_at": "2019-03-21T15:00:34Z",
      "modified_by": null,
      "modified_at": "2019-03-21T15:00:34Z",
      "comment": null,
      "description": "Webdata 31"
    }
  },
  {
    "model": "ensembl_production_db.webdata",
    "pk": 43,
    "fields": {
      "created_by": null,
      "created_at": "2019-03-21T15:00:34Z",
      "modified_by": null,
      "modified_at": "2019-03-21T15:00:34Z",
      "comment": null,
      "description": "Webdata 32"
    }
  },
  {
    "model": "ensembl_production_db.webdata",
    "pk": 44,
    "fields": {
      "created_by": null,
      "created_at": "2019-03-21T15:00:34Z",
      "modified_by": null,
      "modified_at": "2019-03-21T15:00:34Z",
      "comment": null,
      "description": "Webdata 33"
    }
  },
  {
    "model": "ensembl_production_db.webdata",
    "pk": 45,
    "fields": {
      "created_by": null,
      "created_at": "2019-03-21T15:00:34Z",
      "modified_by": null,
      "modified_at": "2019-03-21T15:00:34Z",
      "comment": null,
      "description": "Webdata 34"
    }
  },
  {
    "model": "ensembl_production_db.webdata",
    "pk": 46,
    "fields": {
      "created_by": null,
      "created_at": "2019-03-21T15:00:34Z",
      "modified_by": null,
      "modified_at": "2019-03-21T15:00:34Z",
      "comment": null,
      "description": "Webdata 35"
    }
  },
  {
    "model": "ensembl_production_db.webdata",
    "pk": 47,
    "fields": {
      "created_by": null,
      "created_at": "2019-03-21T15:00:34Z",
      "modified_by": null,
      "modified_at": "2019-03-21T15:00:34Z",
      "comment": null,
      "description": "Webdata 36"
    }
  },
  {
    "model": "ensembl_production_db.webdata",
    "pk": 49,
    "fields": {
      "created_by": null,
      "created_at": "2019-03-21T15:00:34Z",
      "modified_by": 5132,
      "modified_at": "2013-10-08T18:44:04Z",
      "comment": null,
       "description": "Webdata 37"
    }
  },
  {
    "model": "ensembl_production_db.masterattrib",
    "pk": 1,
    "fields": {
      "created_by": 102503,
      "created_at": "2015-04-02T15:40:00Z",
      "modified_by": null,
      "modified_at": "2019-03-21T15:00:34Z",
      "is_current": 1,
      "attrib_type_id": 469,
      "value": "SO:0001483"
    }
  },
  {
    "model": "ensembl_production_db.masterattrib",
    "pk": 2,
    "fields": {
      "created_by": 102503,
      "created_at": "2015-04-02T15:40:00Z",
      "modified_by": null,
      "modified_at": "2019-03-21T15:00:34Z",
      "is_current": 1,
      "attrib_type_id": 470,
      "value": "SNV"
    }
  },
  {
    "model": "ensembl_production_db.masterattrib",
    "pk": 3,
    "fields": {
      "created_by": 102503,
      "created_at": "2015-04-02T15:40:00Z",
      "modified_by": null,
      "modified_at": "2019-03-21T15:00:34Z",
      "is_current": 1,
      "attrib_type_id": 471,
      "value": "SNP"
    }
  },
  {
    "model": "ensembl_production_db.masterattrib",
    "pk": 4,
    "fields": {
      "created_by": 102503,
      "created_at": "2015-04-02T15:40:00Z",
      "modified_by": null,
      "modified_at": "2019-03-21T15:00:34Z",
      "is_current": 1,
      "attrib_type_id": 469,
      "value": "SO:1000002"
    }
  },
  {
    "model": "ensembl_production_db.masterattrib",
    "pk": 5,
    "fields": {
      "created_by": 102503,
      "created_at": "2015-04-02T15:40:00Z",
      "modified_by": null,
      "modified_at": "2019-03-21T15:00:34Z",
      "is_current": 1,
      "attrib_type_id": 470,
      "value": "substitution"
    }
  },
  {
    "model": "ensembl_production_db.masterattrib",
    "pk": 6,
    "fields": {
      "created_by": 102503,
      "created_at": "2015-04-02T15:40:00Z",
      "modified_by": null,
      "modified_at": "2019-03-21T15:00:34Z",
      "is_current": 1,
      "attrib_type_id": 469,
      "value": "SO:0001019"
    }
  },
  {
    "model": "ensembl_production_db.masterattrib",
    "pk": 7,
    "fields": {
      "created_by": 102503,
      "created_at": "2015-04-02T15:40:00Z",
      "modified_by": null,
      "modified_at": "2019-03-21T15:00:34Z",
      "is_current": 1,
      "attrib_type_id": 470,
      "value": "copy_number_variation"
    }
  },
  {
    "model": "ensembl_production_db.masterattrib",
    "pk": 8,
    "fields": {
      "created_by": 102503,
      "created_at": "2015-04-02T15:40:00Z",
      "modified_by": null,
      "modified_at": "2019-03-21T15:00:34Z",
      "is_current": 1,
      "attrib_type_id": 471,
      "value": "CNV"
    }
  },
  {
    "model": "ensembl_production_db.masterattrib",
    "pk": 9,
    "fields": {
      "created_by": 102503,
      "created_at": "2015-04-02T15:40:00Z",
      "modified_by": null,
      "modified_at": "2019-03-21T15:00:34Z",
      "is_current": 1,
      "attrib_type_id": 469,
      "value": "SO:0000667"
    }
  },
  {
    "model": "ensembl_production_db.masterattrib",
    "pk": 10,
    "fields": {
      "created_by": 102503,
      "created_at": "2015-04-02T15:40:00Z",
      "modified_by": null,
      "modified_at": "2019-03-21T15:00:34Z",
      "is_current": 1,
      "attrib_type_id": 470,
      "value": "insertion"
    }
  },
  {
    "model": "ensembl_production_db.masterattrib",
    "pk": 11,
    "fields": {
      "created_by": 102503,
      "created_at": "2015-04-02T15:40:00Z",
      "modified_by": null,
      "modified_at": "2019-03-21T15:00:34Z",
      "is_current": 1,
      "attrib_type_id": 469,
      "value": "SO:0000159"
    }
  },
  {
    "model": "ensembl_production_db.masterattrib",
    "pk": 12,
    "fields": {
      "created_by": 102503,
      "created_at": "2015-04-02T15:40:00Z",
      "modified_by": null,
      "modified_at": "2019-03-21T15:00:34Z",
      "is_current": 1,
      "attrib_type_id": 470,
      "value": "deletion"
    }
  },
  {
    "model": "ensembl_production_db.masterattrib",
    "pk": 13,
    "fields": {
      "created_by": 102503,
      "created_at": "2015-04-02T15:40:00Z",
      "modified_by": null,
      "modified_at": "2019-03-21T15:00:34Z",
      "is_current": 1,
      "attrib_type_id": 469,
      "value": "SO:1000032"
    }
  },
  {
    "model": "ensembl_production_db.masterattrib",
    "pk": 14,
    "fields": {
      "created_by": 102503,
      "created_at": "2015-04-02T15:40:00Z",
      "modified_by": null,
      "modified_at": "2019-03-21T15:00:34Z",
      "is_current": 1,
      "attrib_type_id": 470,
      "value": "indel"
    }
  },
  {
    "model": "ensembl_production_db.masterattrib",
    "pk": 15,
    "fields": {
      "created_by": 102503,
      "created_at": "2015-04-02T15:40:00Z",
      "modified_by": null,
      "modified_at": "2019-03-21T15:00:34Z",
      "is_current": 1,
      "attrib_type_id": 469,
      "value": "SO:0000705"
    }
  },
  {
    "model": "ensembl_production_db.masterattrib",
    "pk": 16,
    "fields": {
      "created_by": 102503,
      "created_at": "2015-04-02T15:40:00Z",
      "modified_by": null,
      "modified_at": "2019-03-21T15:00:34Z",
      "is_current": 1,
      "attrib_type_id": 470,
      "value": "tandem_repeat"
    }
  },
  {
    "model": "ensembl_production_db.masterattrib",
    "pk": 17,
    "fields": {
      "created_by": 102503,
      "created_at": "2015-04-02T15:40:00Z",
      "modified_by": null,
      "modified_at": "2019-03-21T15:00:34Z",
      "is_current": 1,
      "attrib_type_id": 469,
      "value": "SO:0001059"
    }
  },
  {
    "model": "ensembl_production_db.masterattrib",
    "pk": 18,
    "fields": {
      "created_by": 102503,
      "created_at": "2015-04-02T15:40:00Z",
      "modified_by": null,
      "modified_at": "2019-03-21T15:00:34Z",
      "is_current": 1,
      "attrib_type_id": 470,
      "value": "sequence_alteration"
    }
  },
  {
    "model": "ensembl_production_db.masterattrib",
    "pk": 19,
    "fields": {
      "created_by": 102503,
      "created_at": "2015-04-02T15:40:00Z",
      "modified_by": null,
      "modified_at": "2019-03-21T15:00:34Z",
      "is_current": 1,
      "attrib_type_id": 469,
      "value": "SO:0001628"
    }
  },
  {
    "model": "ensembl_production_db.masterattrib",
    "pk": 20,
    "fields": {
      "created_by": 102503,
      "created_at": "2015-04-02T15:40:00Z",
      "modified_by": null,
      "modified_at": "2019-03-21T15:00:34Z",
      "is_current": 1,
      "attrib_type_id": 470,
      "value": "intergenic_variant"
    }
  },
  {
    "model": "ensembl_production_db.masterattrib",
    "pk": 21,
    "fields": {
      "created_by": 102503,
      "created_at": "2015-04-02T15:40:00Z",
      "modified_by": null,
      "modified_at": "2019-03-21T15:00:34Z",
      "is_current": 1,
      "attrib_type_id": 471,
      "value": "INTERGENIC"
    }
  },
  {
    "model": "ensembl_production_db.masterattrib",
    "pk": 24,
    "fields": {
      "created_by": 102503,
      "created_at": "2015-04-02T15:40:00Z",
      "modified_by": null,
      "modified_at": "2019-03-21T15:00:34Z",
      "is_current": 1,
      "attrib_type_id": 471,
      "value": "UPSTREAM"
    }
  },
  {
    "model": "ensembl_production_db.masterattrib",
    "pk": 27,
    "fields": {
      "created_by": 102503,
      "created_at": "2015-04-02T15:40:00Z",
      "modified_by": null,
      "modified_at": "2019-03-21T15:00:34Z",
      "is_current": 1,
      "attrib_type_id": 471,
      "value": "DOWNSTREAM"
    }
  },
  {
    "model": "ensembl_production_db.masterattrib",
    "pk": 32,
    "fields": {
      "created_by": 102503,
      "created_at": "2015-04-02T15:40:00Z",
      "modified_by": null,
      "modified_at": "2019-03-21T15:00:34Z",
      "is_current": 1,
      "attrib_type_id": 469,
      "value": "SO:0001575"
    }
  },
  {
    "model": "ensembl_production_db.masterattrib",
    "pk": 33,
    "fields": {
      "created_by": 102503,
      "created_at": "2015-04-02T15:40:00Z",
      "modified_by": null,
      "modified_at": "2019-03-21T15:00:34Z",
      "is_current": 1,
      "attrib_type_id": 470,
      "value": "splice_donor_variant"
    }
  },
  {
    "model": "ensembl_production_db.masterattrib",
    "pk": 34,
    "fields": {
      "created_by": 102503,
      "created_at": "2015-04-02T15:40:00Z",
      "modified_by": null,
      "modified_at": "2019-03-21T15:00:34Z",
      "is_current": 1,
      "attrib_type_id": 471,
      "value": "ESSENTIAL_SPLICE_SITE"
    }
  },
  {
    "model": "ensembl_production_db.masterattrib",
    "pk": 36,
    "fields": {
      "created_by": 102503,
      "created_at": "2015-04-02T15:40:00Z",
      "modified_by": null,
      "modified_at": "2019-03-21T15:00:34Z",
      "is_current": 1,
      "attrib_type_id": 470,
      "value": "splice_acceptor_variant"
    }
  },
  {
    "model": "ensembl_production_db.masterattrib",
    "pk": 37,
    "fields": {
      "created_by": 102503,
      "created_at": "2015-04-02T15:40:00Z",
      "modified_by": null,
      "modified_at": "2019-03-21T15:00:34Z",
      "is_current": 1,
      "attrib_type_id": 469,
      "value": "SO:0001630"
    }
  },
  {
    "model": "ensembl_production_db.masterattrib",
    "pk": 38,
    "fields": {
      "created_by": 102503,
      "created_at": "2015-04-02T15:40:00Z",
      "modified_by": null,
      "modified_at": "2019-03-21T15:00:34Z",
      "is_current": 1,
      "attrib_type_id": 470,
      "value": "splice_region_variant"
    }
  },
  {
    "model": "ensembl_production_db.masterattrib",
    "pk": 39,
    "fields": {
      "created_by": 102503,
      "created_at": "2015-04-02T15:40:00Z",
      "modified_by": null,
      "modified_at": "2019-03-21T15:00:34Z",
      "is_current": 1,
      "attrib_type_id": 471,
      "value": "SPLICE_SITE"
    }
  },
  {
    "model": "ensembl_production_db.masterattrib",
    "pk": 40,
    "fields": {
      "created_by": 102503,
      "created_at": "2015-04-02T15:40:00Z",
      "modified_by": null,
      "modified_at": "2019-03-21T15:00:34Z",
      "is_current": 1,
      "attrib_type_id": 469,
      "value": "SO:0001627"
    }
  },
  {
    "model": "ensembl_production_db.masterattrib",
    "pk": 41,
    "fields": {
      "created_by": 102503,
      "created_at": "2015-04-02T15:40:00Z",
      "modified_by": null,
      "modified_at": "2019-03-21T15:00:34Z",
      "is_current": 1,
      "attrib_type_id": 470,
      "value": "intron_variant"
    }
  },
  {
    "model": "ensembl_production_db.masterattrib",
    "pk": 42,
    "fields": {
      "created_by": 102503,
      "created_at": "2015-04-02T15:40:00Z",
      "modified_by": null,
      "modified_at": "2019-03-21T15:00:34Z",
      "is_current": 1,
      "attrib_type_id": 471,
      "value": "INTRONIC"
    }
  },
  {
    "model": "ensembl_production_db.masterattrib",
    "pk": 43,
    "fields": {
      "created_by": 102503,
      "created_at": "2015-04-02T15:40:00Z",
      "modified_by": null,
      "modified_at": "2019-03-21T15:00:34Z",
      "is_current": 1,
      "attrib_type_id": 469,
      "value": "SO:0001623"
    }
  },
  {
    "model": "ensembl_production_db.masterattrib",
    "pk": 44,
    "fields": {
      "created_by": 102503,
      "created_at": "2015-04-02T15:40:00Z",
      "modified_by": null,
      "modified_at": "2019-03-21T15:00:34Z",
      "is_current": 1,
      "attrib_type_id": 470,
      "value": "5_prime_UTR_variant"
    }
  },
  {
    "model": "ensembl_production_db.masterattrib",
    "pk": 45,
    "fields": {
      "created_by": 102503,
      "created_at": "2015-04-02T15:40:00Z",
      "modified_by": null,
      "modified_at": "2019-03-21T15:00:34Z",
      "is_current": 1,
      "attrib_type_id": 471,
      "value": "5PRIME_UTR"
    }
  },
  {
    "model": "ensembl_production_db.masterattrib",
    "pk": 46,
    "fields": {
      "created_by": 102503,
      "created_at": "2015-04-02T15:40:00Z",
      "modified_by": null,
      "modified_at": "2019-03-21T15:00:34Z",
      "is_current": 1,
      "attrib_type_id": 469,
      "value": "SO:0001624"
    }
  },
  {
    "model": "ensembl_production_db.masterattrib",
    "pk": 47,
    "fields": {
      "created_by": 102503,
      "created_at": "2015-04-02T15:40:00Z",
      "modified_by": null,
      "modified_at": "2019-03-21T15:00:34Z",
      "is_current": 1,
      "attrib_type_id": 470,
      "value": "3_prime_UTR_variant"
    }
  },
  {
    "model": "ensembl_production_db.masterattrib",
    "pk": 48,
    "fields": {
      "created_by": 102503,
      "created_at": "2015-04-02T15:40:00Z",
      "modified_by": null,
      "modified_at": "2019-03-21T15:00:34Z",
      "is_current": 1,
      "attrib_type_id": 471,
      "value": "3PRIME_UTR"
    }
  },
  {
    "model": "ensembl_production_db.masterattribtype",
    "pk": 460,
    "fields": {
      "created_by": 106182,
      "created_at": "2015-01-30T11:40:55Z",
      "modified_by": 9335,
      "modified_at": "2015-04-28T15:06:38Z",
      "is_current": 0,
      "code": "appris_pi1",
      "name": "PRINCIPAL:1 - APPRIS principal isoform",
      "description": "Transcript(s) expected to code for the main functional isoform based solely on the core modules in the APPRIS database. The APPRIS core modules map protein structural and functional information and cross-species conservation to the annotated variants. APPRIS is a system that deploys a range of computational methods to provide value to the annotations of the human genome. http://appris.bioinfo.cnio.es/ http://nar.oxfordjournals.org/content/41/D1/D110.long"
    }
  },
  {
    "model": "ensembl_production_db.masterattribtype",
    "pk": 461,
    "fields": {
      "created_by": 106182,
      "created_at": "2015-01-30T11:44:25Z",
      "modified_by": 9335,
      "modified_at": "2015-04-28T15:06:42Z",
      "is_current": 0,
      "code": "appris_pi2",
      "name": "PRINCIPAL:2 - APPRIS candidate isoform (CCDS)",
      "description": "Where the APPRIS core modules are unable to choose a clear principal variant (approximately 25% of human protein coding genes), the database chooses two or more of the CDS variants as \"candidates\" to be the principal variant. If one (but no more than one) of these candidates has a distinct CCDS identifier it is selected as the principal variant for that gene. A CCDS identifier shows that there is consensus between RefSeq and GENCODE/Ensembl for that variant, guaranteeing that the variant has cDNA support. APPRIS is a system that deploys a range of computational methods to provide value to the annotations of the human genome. http://appris.bioinfo.cnio.es/ http://nar.oxfordjournals.org/content/41/D1/D110.long"
    }
  },
  {
    "model": "ensembl_production_db.masterattribtype",
    "pk": 462,
    "fields": {
      "created_by": 106182,
      "created_at": "2015-01-30T11:49:30Z",
      "modified_by": 9335,
      "modified_at": "2015-04-28T15:06:46Z",
      "is_current": 0,
      "code": "appris_pi3",
      "name": "PRINCIPAL:3 - APPRIS candidate isoform (earliest CCDS)",
      "description": "Where the APPRIS core modules are unable to choose a clear principal variant and there more than one of the variants have distinct CCDS identifiers, APPRIS selects the variant with lowest CCDS identifier as the principal variant. The lower the CCDS identifier, the earlier it was annotated. Consensus CDS annotated earlier are likely to have more cDNA evidence. Consecutive CCDS identifiers are not included in this flag, since they will have been annotated in the same release of CCDS. APPRIS is a system that deploys a range of computational methods to provide value to the annotations of the human genome. http://appris.bioinfo.cnio.es/ http://nar.oxfordjournals.org/content/41/D1/D110.long"
    }
  },
  {
    "model": "ensembl_production_db.masterattribtype",
    "pk": 463,
    "fields": {
      "created_by": 106182,
      "created_at": "2015-01-30T11:51:51Z",
      "modified_by": 9335,
      "modified_at": "2015-04-28T15:06:50Z",
      "is_current": 0,
      "code": "appris_pi4",
      "name": "PRINCIPAL:4 - APPRIS candidate isoform (longest CCDS)",
      "description": "Where the APPRIS core modules are unable to choose a clear principal CDS and there is more than one variant with a distinct (but consecutive) CCDS identifiers, APPRIS selects the longest CCDS isoform as the principal variant.  APPRIS is a system that deploys a range of computational methods to provide value to the annotations of the human genome. http://appris.bioinfo.cnio.es/ http://nar.oxfordjournals.org/content/41/D1/D110.long"
    }
  },
  {
    "model": "ensembl_production_db.masterattribtype",
    "pk": 464,
    "fields": {
      "created_by": 106182,
      "created_at": "2015-01-30T11:54:12Z",
      "modified_by": 9335,
      "modified_at": "2015-04-28T15:06:55Z",
      "is_current": 0,
      "code": "appris_pi5",
      "name": "PRINCIPAL:5 - APPRIS candidate isoform (longest coding sequence)",
      "description": "Where the APPRIS core modules are unable to choose a clear principal variant and none of the candidate variants are annotated by CCDS, APPRIS selects the longest of the candidate isoforms as the principal variant. APPRIS is a system that deploys a range of computational methods to provide value to the annotations of the human genome. http://appris.bioinfo.cnio.es/ http://nar.oxfordjournals.org/content/41/D1/D110.long"
    }
  },
  {
    "model": "ensembl_production_db.masterattribtype",
    "pk": 465,
    "fields": {
      "created_by": 106182,
      "created_at": "2015-01-30T11:56:24Z",
      "modified_by": 9335,
      "modified_at": "2015-04-28T15:06:00Z",
      "is_current": 0,
      "code": "appris_alt1",
      "name": "ALTERNATIVE:1 - APPRIS candidate isoform that is conserved in at least three tested species",
      "description": "APPRIS candidate principal isoform that is conserved in at least three tested non-primate species. APPRIS is a system that deploys a range of computational methods to provide value to the annotations of the human genome. http://appris.bioinfo.cnio.es/ http://nar.oxfordjournals.org/content/41/D1/D110.long"
    }
  },
  {
    "model": "ensembl_production_db.masterattribtype",
    "pk": 466,
    "fields": {
      "created_by": 106182,
      "created_at": "2015-01-30T11:57:55Z",
      "modified_by": 9335,
      "modified_at": "2015-04-28T15:06:23Z",
      "is_current": 0,
      "code": "appris_alt2",
      "name": "ALTERNATIVE:2 - APPRIS candidate isoform that appears to be conserved in fewer than three tested species",
      "description": "APPRIS candidate principal isoform that appears to be conserved in fewer than three tested non-primate species. APPRIS is a system that deploys a range of computational methods to provide value to the annotations of the human genome. http://appris.bioinfo.cnio.es/ http://nar.oxfordjournals.org/content/41/D1/D110.long"
    }
  },
  {
    "model": "ensembl_production_db.masterattribtype",
    "pk": 467,
    "fields": {
      "created_by": 161,
      "created_at": "2015-02-05T17:38:49Z",
      "modified_by": 161,
      "modified_at": "2015-02-06T10:44:25Z",
      "is_current": 0,
      "code": "rseq_mrna_mismatch",
      "name": "RefSeq model genomic seq to mRNA mismatch",
      "description": "This is a transcript attribute that signifies a mismatch between the underlying genomic sequence of the RefSeq transcript with the corresponding RefSeq mRNA sequence the model was built from. A mismatch is deemed to have occurred if the underlying genomic sequence does not have a perfect alignment to the mRNA sequence post polyA clipping. It can also signify that no comparison was possible as the model stable id may not have had a corresponding entry in the RefSeq mRNA file (sometimes happens when accessions are retired or changed). When a mismatch occurs one or several of the following transcript attributes will also be present to provide more detail on the nature of the mismatch: rseq_5p_mismatch, rseq_cds_mismatch, rseq_3p_mismatch, rseq_nctran_mismatch, rseq_no_comparison"
    }
  },
  {
    "model": "ensembl_production_db.masterattribtype",
    "pk": 468,
    "fields": {
      "created_by": 106182,
      "created_at": "2015-02-17T10:43:55Z",
      "modified_by": null,
      "modified_at": null,
      "is_current": 1,
      "code": "ccds_transcript",
      "name": "CCDS transcript",
      "description": "This attribute signifies that a transcript has a matching CCDS transcript (the accession of which will be in the value column of the transcript_attrib entry). A match occurs when the genomic coordinates of all coding exons of the transcript are identical to the genomic coordinate of all coding exons in the overlapping CCDS model."
    }
  },
  {
    "model": "ensembl_production_db.masterattribtype",
    "pk": 469,
    "fields": {
      "created_by": 102503,
      "created_at": "2015-04-02T12:00:00Z",
      "modified_by": 102503,
      "modified_at": "2015-04-08T11:45:33Z",
      "is_current": 1,
      "code": "SO_accession",
      "name": "SO accession",
      "description": "Sequence Ontology accession"
    }
  },
  {
    "model": "ensembl_production_db.masterattribtype",
    "pk": 470,
    "fields": {
      "created_by": 102503,
      "created_at": "2015-04-02T12:00:00Z",
      "modified_by": 102503,
      "modified_at": "2015-04-08T11:45:50Z",
      "is_current": 1,
      "code": "SO_term",
      "name": "SO term",
      "description": "Sequence Ontology term"
    }
  },
  {
    "model": "ensembl_production_db.masterattribtype",
    "pk": 471,
    "fields": {
      "created_by": 102503,
      "created_at": "2015-04-02T12:00:00Z",
      "modified_by": 102503,
      "modified_at": "2015-04-08T11:46:12Z",
      "is_current": 1,
      "code": "display_term",
      "name": "display term",
      "description": "Ensembl display term"
    }
  },
  {
    "model": "ensembl_production_db.masterattribtype",
    "pk": 472,
    "fields": {
      "created_by": 102503,
      "created_at": "2015-04-02T12:00:00Z",
      "modified_by": 102503,
      "modified_at": "2015-04-08T11:46:37Z",
      "is_current": 1,
      "code": "NCBI_term",
      "name": "NCBI term",
      "description": "NCBI term"
    }
  },
  {
    "model": "ensembl_production_db.masterattribtype",
    "pk": 473,
    "fields": {
      "created_by": 102503,
      "created_at": "2015-04-02T12:00:00Z",
      "modified_by": 102503,
      "modified_at": "2015-04-08T11:47:04Z",
      "is_current": 1,
      "code": "feature_SO_term",
      "name": "feature SO term",
      "description": "Sequence Ontology term for the associated feature"
    }
  },
  {
    "model": "ensembl_production_db.masterattribtype",
    "pk": 474,
    "fields": {
      "created_by": 102503,
      "created_at": "2015-04-02T12:00:00Z",
      "modified_by": 102503,
      "modified_at": "2015-04-08T11:48:05Z",
      "is_current": 1,
      "code": "rank",
      "name": "rank",
      "description": "Relative severity of this variation consequence"
    }
  },
  {
    "model": "ensembl_production_db.masterattribtype",
    "pk": 475,
    "fields": {
      "created_by": 102503,
      "created_at": "2015-04-02T12:00:00Z",
      "modified_by": 102503,
      "modified_at": "2015-04-08T11:47:21Z",
      "is_current": 1,
      "code": "polyphen_prediction",
      "name": "polyphen prediction",
      "description": "PolyPhen-2 prediction"
    }
  },
  {
    "model": "ensembl_production_db.masterattribtype",
    "pk": 476,
    "fields": {
      "created_by": 102503,
      "created_at": "2015-04-02T12:00:00Z",
      "modified_by": 102503,
      "modified_at": "2015-04-08T11:47:40Z",
      "is_current": 1,
      "code": "sift_prediction",
      "name": "sift prediction",
      "description": "SIFT prediction"
    }
  },
  {
    "model": "ensembl_production_db.masterattribtype",
    "pk": 477,
    "fields": {
      "created_by": 102503,
      "created_at": "2015-04-02T12:00:00Z",
      "modified_by": null,
      "modified_at": null,
      "is_current": 1,
      "code": "short_name",
      "name": "Short name",
      "description": "A shorter name for an instance, e.g. a VariationSet"
    }
  },
  {
    "model": "ensembl_production_db.masterattribtype",
    "pk": 478,
    "fields": {
      "created_by": 102503,
      "created_at": "2015-04-02T12:00:00Z",
      "modified_by": null,
      "modified_at": null,
      "is_current": 1,
      "code": "dbsnp_clin_sig",
      "name": "dbSNP/ClinVar clinical significance",
      "description": "The clinical significance of a variant as reported by ClinVar and dbSNP"
    }
  },
  {
    "model": "ensembl_production_db.masterattribtype",
    "pk": 479,
    "fields": {
      "created_by": 102503,
      "created_at": "2015-04-02T12:00:00Z",
      "modified_by": null,
      "modified_at": null,
      "is_current": 1,
      "code": "dgva_clin_sig",
      "name": "DGVa clinical significance",
      "description": "The clinical significance of a structural variant as reported by DGVa"
    }
  },
  {
    "model": "ensembl_production_db.masterattribtype",
    "pk": 480,
    "fields": {
      "created_by": 102503,
      "created_at": "2015-04-02T12:00:00Z",
      "modified_by": null,
      "modified_at": null,
      "is_current": 1,
      "code": "clinvar_clin_sig",
      "name": "ClinVar clinical significance",
      "description": "The clinical significance of a variant as reported by ClinVar"
    }
  },
  {
    "model": "ensembl_production_db.masterattribtype",
    "pk": 481,
    "fields": {
      "created_by": 102503,
      "created_at": "2015-04-02T12:00:00Z",
      "modified_by": null,
      "modified_at": null,
      "is_current": 1,
      "code": "prot_func_analysis",
      "name": "Protein function analysis ",
      "description": "The program used to make protein function predictions"
    }
  },
  {
    "model": "ensembl_production_db.masterattribtype",
    "pk": 482,
    "fields": {
      "created_by": 102503,
      "created_at": "2015-04-02T12:00:00Z",
      "modified_by": null,
      "modified_at": null,
      "is_current": 1,
      "code": "associated_gene",
      "name": "Associated gene",
      "description": "ID of gene(s) linked by phenotype association"
    }
  },
  {
    "model": "ensembl_production_db.masterattribtype",
    "pk": 483,
    "fields": {
      "created_by": 102503,
      "created_at": "2015-04-02T12:00:00Z",
      "modified_by": null,
      "modified_at": null,
      "is_current": 1,
      "code": "risk_allele",
      "name": "Risk allele",
      "description": "Risk allele in phenotype association"
    }
  },
  {
    "model": "ensembl_production_db.masterattribtype",
    "pk": 484,
    "fields": {
      "created_by": 102503,
      "created_at": "2015-04-02T12:00:00Z",
      "modified_by": null,
      "modified_at": null,
      "is_current": 1,
      "code": "p_value",
      "name": "P-value",
      "description": "P-value denoting significance of an observed phenotype annotation"
    }
  },
  {
    "model": "ensembl_production_db.masterattribtype",
    "pk": 485,
    "fields": {
      "created_by": 102503,
      "created_at": "2015-04-02T12:00:00Z",
      "modified_by": null,
      "modified_at": null,
      "is_current": 1,
      "code": "variation_names",
      "name": "Variation names",
      "description": "Variant ID(s) linked with a phenotype association"
    }
  },
  {
    "model": "ensembl_production_db.masterattribtype",
    "pk": 486,
    "fields": {
      "created_by": 102503,
      "created_at": "2015-04-02T12:00:00Z",
      "modified_by": null,
      "modified_at": null,
      "is_current": 1,
      "code": "sample_id",
      "name": "Sample ID",
      "description": "Sample ID for source of phenotype association"
    }
  },
  {
    "model": "ensembl_production_db.masterattribtype",
    "pk": 487,
    "fields": {
      "created_by": 102503,
      "created_at": "2015-04-02T12:00:00Z",
      "modified_by": null,
      "modified_at": null,
      "is_current": 1,
      "code": "strain_id",
      "name": "Strain ID",
      "description": "Strain ID for source of phenotype association"
    }
  },
  {
    "model": "ensembl_production_db.masterattribtype",
    "pk": 488,
    "fields": {
      "created_by": 102503,
      "created_at": "2015-04-02T12:00:00Z",
      "modified_by": null,
      "modified_at": null,
      "is_current": 1,
      "code": "lod_score",
      "name": "LOD score",
      "description": "Log Of Odds score"
    }
  },
  {
    "model": "ensembl_production_db.masterattribtype",
    "pk": 489,
    "fields": {
      "created_by": 102503,
      "created_at": "2015-04-02T12:00:00Z",
      "modified_by": null,
      "modified_at": null,
      "is_current": 1,
      "code": "variance",
      "name": "Variance",
      "description": "Variance statistic"
    }
  },
  {
    "model": "ensembl_production_db.masterattribtype",
    "pk": 490,
    "fields": {
      "created_by": 102503,
      "created_at": "2015-04-02T12:00:00Z",
      "modified_by": null,
      "modified_at": null,
      "is_current": 1,
      "code": "inheritance_type",
      "name": "Inheritance type",
      "description": "Inheritance type of a trait"
    }
  },
  {
    "model": "ensembl_production_db.masterattribtype",
    "pk": 491,
    "fields": {
      "created_by": 102503,
      "created_at": "2015-04-02T12:00:00Z",
      "modified_by": null,
      "modified_at": null,
      "is_current": 1,
      "code": "external_id",
      "name": "External ID",
      "description": "External identifier for an entity"
    }
  },
  {
    "model": "ensembl_production_db.masterattribtype",
    "pk": 492,
    "fields": {
      "created_by": 102503,
      "created_at": "2015-04-02T12:00:00Z",
      "modified_by": null,
      "modified_at": null,
      "is_current": 1,
      "code": "odds_ratio",
      "name": "Odds ratio",
      "description": "Odds ratio used to denote significance of an observed phenotype annotation"
    }
  },
  {
    "model": "ensembl_production_db.masterattribtype",
    "pk": 493,
    "fields": {
      "created_by": 102503,
      "created_at": "2015-04-02T12:00:00Z",
      "modified_by": null,
      "modified_at": null,
      "is_current": 1,
      "code": "beta_coef",
      "name": "Beta coefficient",
      "description": "Beta coefficient (or standardized coefficient) used to denote significance of an observed phenotype annotation"
    }
  },
  {
    "model": "ensembl_production_db.masterattribtype",
    "pk": 494,
    "fields": {
      "created_by": 102503,
      "created_at": "2015-04-02T12:00:00Z",
      "modified_by": null,
      "modified_at": null,
      "is_current": 1,
      "code": "allele_symbol",
      "name": "Allele symbol",
      "description": "Allele symbol linked with phenotype association"
    }
  },
  {
    "model": "ensembl_production_db.masterattribtype",
    "pk": 495,
    "fields": {
      "created_by": 102503,
      "created_at": "2015-04-02T12:00:00Z",
      "modified_by": null,
      "modified_at": null,
      "is_current": 1,
      "code": "allele_accession_id",
      "name": "Allele accession ID",
      "description": "Allele accession ID linked with phenotype association"
    }
  },
  {
    "model": "ensembl_production_db.masterattribtype",
    "pk": 496,
    "fields": {
      "created_by": 102503,
      "created_at": "2015-04-02T12:00:00Z",
      "modified_by": null,
      "modified_at": null,
      "is_current": 1,
      "code": "marker_accession_id",
      "name": "Marker accession ID",
      "description": "Marker ID linked with phenotype association"
    }
  },
  {
    "model": "ensembl_production_db.masterattribtype",
    "pk": 497,
    "fields": {
      "created_by": 102503,
      "created_at": "2015-04-02T12:00:00Z",
      "modified_by": null,
      "modified_at": null,
      "is_current": 1,
      "code": "evidence",
      "name": "Variant evidence status",
      "description": "Evidence status for a variant"
    }
  },
  {
    "model": "ensembl_production_db.masterattribtype",
    "pk": 498,
    "fields": {
      "created_by": 102503,
      "created_at": "2015-04-02T12:00:00Z",
      "modified_by": null,
      "modified_at": null,
      "is_current": 1,
      "code": "review_status",
      "name": "ClinVar review_status",
      "description": "ClinVar review_status for assertation"
    }
  },
  {
    "model": "ensembl_production_db.masterattribtype",
    "pk": 499,
    "fields": {
      "created_by": 102503,
      "created_at": "2015-04-02T12:00:00Z",
      "modified_by": null,
      "modified_at": null,
      "is_current": 1,
      "code": "based_on",
      "name": "Evidence type used for protein impact prediction",
      "description": "Evidence type used for a PolyPhen protein impact prediction"
    }
  },
  {
    "model": "ensembl_production_db.masterattribtype",
    "pk": 500,
    "fields": {
      "created_by": 102503,
      "created_at": "2015-04-02T12:00:00Z",
      "modified_by": null,
      "modified_at": null,
      "is_current": 1,
      "code": "conservation_score",
      "name": "Sift conservation score",
      "description": "Median conservation va in an alignment used to make a Sift prediction"
    }
  },
  {
    "model": "ensembl_production_db.masterattribtype",
    "pk": 501,
    "fields": {
      "created_by": 102503,
      "created_at": "2015-04-02T12:00:00Z",
      "modified_by": null,
      "modified_at": null,
      "is_current": 1,
      "code": "sequence_number",
      "name": "Number of sequences in alignment",
      "description": "Number of protein sequences in the alignment use to make a protein impact prediction"
    }
  },
  {
    "model": "ensembl_production_db.masterattribtype",
    "pk": 502,
    "fields": {
      "created_by": 97245,
      "created_at": "2015-06-08T10:22:58Z",
      "modified_by": null,
      "modified_at": null,
      "is_current": 1,
      "code": "otter_truncated",
      "name": "Otter truncated feature",
      "description": "This feature extends beyond the slice, but has been trimmed. (For use in otter client-server communications.)"
    }
  },
  {
    "model": "ensembl_production_db.masterattribtype",
    "pk": 503,
    "fields": {
      "created_by": 105967,
      "created_at": "2015-07-02T09:32:57Z",
      "modified_by": null,
      "modified_at": null,
      "is_current": 1,
      "code": "trans_spliced",
      "name": "Trans-spliced transcript",
      "description": "A single RNA transcript derived from multiple precursor mRNAs."
    }
  },
  {
    "model": "ensembl_production_db.masterattribtype",
    "pk": 504,
    "fields": {
      "created_by": 104897,
      "created_at": "2015-07-10T14:11:20Z",
      "modified_by": 104897,
      "modified_at": "2015-07-10T14:20:06Z",
      "is_current": 0,
      "code": "fgeneshpred",
      "name": "Fgenesh gene predictions",
      "description": "Fgenesh is a fast and accurate HMM-based ab-initio gene prediction program <a href=\"http://www.ncbi.nlm.nih.gov/pubmed/10779491\">Salamov AA, Solovyev VV. Genome Res. 2000</a>"
    }
  },
  {
    "model": "ensembl_production_db.masterattribtype",
    "pk": 505,
    "fields": {
      "created_by": 104897,
      "created_at": "2015-07-10T15:36:09Z",
      "modified_by": null,
      "modified_at": null,
      "is_current": 1,
      "code": "genebuild_msu7_tes",
      "name": "TE-related Gene (MSU)",
      "description": "Number of TE-related genes predicted by <a href=\"http://rice.plantbiology.msu.edu\">MSU</a> through a process of automatic and manual curation"
    }
  },
  {
    "model": "ensembl_production_db.masterattribtype",
    "pk": 506,
    "fields": {
      "created_by": 104897,
      "created_at": "2015-07-10T15:48:09Z",
      "modified_by": null,
      "modified_at": null,
      "is_current": 1,
      "code": "ibsc_low_confidence",
      "name": "PGSB low-confidence",
      "description": "Number of low-confidence genes annotated by the <A HREF=\"http://pgsb.helmholtz-muenchen.de/plant/barley/index.jsp\">International Barley Sequencing Consortium</A>"
    }
  },
  {
    "model": "ensembl_production_db.masterattribtype",
    "pk": 507,
    "fields": {
      "created_by": 102503,
      "created_at": "2015-08-21T10:43:27Z",
      "modified_by": null,
      "modified_at": null,
      "is_current": 1,
      "code": "pubmed_id",
      "name": "PubMed ID",
      "description": "PubMed identifier"
    }
  },
  {
    "model": "ensembl_production_db.masterattribtype",
    "pk": 508,
    "fields": {
      "created_by": 105021,
      "created_at": "2016-04-08T09:51:39Z",
      "modified_by": null,
      "modified_at": null,
      "is_current": 1,
      "code": "var_att",
      "name": "variation_attrib",
      "description": "An attribute of a variation"
    }
  },
  {
    "model": "ensembl_production_db.masterattribtype",
    "pk": 509,
    "fields": {
      "created_by": 105021,
      "created_at": "2016-05-03T10:04:13Z",
      "modified_by": null,
      "modified_at": null,
      "is_current": 1,
      "code": "ontology_mapping",
      "name": "Ontology Mapping",
      "description": "Method used to link a description to an ontology term"
    }
  },
  {
    "model": "ensembl_production_db.masterattribtype",
    "pk": 510,
    "fields": {
      "created_by": 106182,
      "created_at": "2016-06-06T11:41:56Z",
      "modified_by": null,
      "modified_at": null,
      "is_current": 1,
      "code": "enst_refseq_compare",
      "name": "ENST/RefSeq sequence and structural comparisons",
      "description": "Each Ensembl transcript is compared to overlapping RefSeq transcripts. The comparison is only coding-coding or non-coding to non-coding. The calculations are as follows: Foreach Ensembl transcript:  Fetch overlapping RefSeq transcripts  Foreach RefSeq transcript:    1) Check if all exon coordinates match    2) Check if transcript sequences match    3) If both transcripts are protein coding:        a) Check if the CDS exon coordinates match        b) Check if the CDS sequences match        c) Check if the translation sequences match Checks 1 & 2 only are run on pairs of non-coding transcripts, while checks 1, 2, 3a, 3b and 3c are run for pairs of protein coding transcripts. For non-coding models: RefSeq transcript accessions passing checks 1 and 2 will get a line in the value column consisting of all such accessions (separated by \":\") suffixed  by \":whole_transcript\", to indicate these RefSeq accessions have a complete sequence and structural match across the entire transcript. Checks 3a, 3b and 3c are not considered as the transcripts are non-coding For coding models: RefSeq transcript accessions passing all five checks will get a line in the value column consisting of all such accessions (separated by \":\") suffixed  by \":whole_transcript\", to indicate these RefSeq accessions have a complete sequence and structural match across the entire transcript RefSeq transcript accessions passing tests 3a,3b and 3c (but not both test 1 & 2)  will get a line in the value column consisting of all such accessions (separated by \":\") suffixed  by \":cds_only\", to indicate these RefSeq accessions have a sequence and structural match across only the CDS region."
    }
  },
  {
    "model": "ensembl_production_db.masterattribtype",
    "pk": 511,
    "fields": {
      "created_by": 105967,
      "created_at": "2016-06-24T13:19:52Z",
      "modified_by": null,
      "modified_at": null,
      "is_current": 1,
      "code": "rna_gene_biotype",
      "name": "Biotype",
      "description": "Biotype of an RNA gene"
    }
  },
  {
    "model": "ensembl_production_db.masterattribtype",
    "pk": 512,
    "fields": {
      "created_by": 105967,
      "created_at": "2016-06-24T13:22:57Z",
      "modified_by": null,
      "modified_at": null,
      "is_current": 1,
      "code": "cmscan_truncated",
      "name": "Truncated",
      "description": "In a cmscan alignment, the end of the gene which is truncated"
    }
  },
  {
    "model": "ensembl_production_db.masterattribtype",
    "pk": 513,
    "fields": {
      "created_by": 105967,
      "created_at": "2016-06-24T13:27:01Z",
      "modified_by": null,
      "modified_at": null,
      "is_current": 1,
      "code": "cmscan_accuracy",
      "name": "Accuracy",
      "description": "The accuracy value in a cmscan alignment"
    }
  },
  {
    "model": "ensembl_production_db.masterbiotype",
    "pk": 2,
    "fields": {
      "created_by": null,
      "created_at": "2019-03-21T15:00:34Z",
      "modified_by": 101214,
      "modified_at": "2014-11-06T15:43:12Z",
      "is_current": 1,
      "name": "IG_C_gene",
      "is_dumped": 1,
      "object_type": "transcript",
      "db_type": "core,otherfeatures,presite",
      "attrib_type_id": null,
      "description": null,
      "biotype_group": "coding",
      "so_acc": "SO:0000478"
    }
  },
  {
    "model": "ensembl_production_db.masterbiotype",
    "pk": 4,
    "fields": {
      "created_by": null,
      "created_at": "2019-03-21T15:00:34Z",
      "modified_by": 101214,
      "modified_at": "2014-11-06T15:43:59Z",
      "is_current": 1,
      "name": "IG_D_gene",
      "is_dumped": 1,
      "object_type": "transcript",
      "db_type": "core,otherfeatures,presite",
      "attrib_type_id": null,
      "description": "Master BioType ",
      "biotype_group": "coding",
      "so_acc": "SO:0000458"
    }
  },
  {
    "model": "ensembl_production_db.masterbiotype",
    "pk": 6,
    "fields": {
      "created_by": null,
      "created_at": "2019-03-21T15:00:34Z",
      "modified_by": 101214,
      "modified_at": "2014-11-06T15:44:35Z",
      "is_current": 1,
      "name": "IG_J_gene",
      "is_dumped": 1,
      "object_type": "transcript",
      "db_type": "core,otherfeatures,presite",
      "attrib_type_id": null,
      "description": null,
      "biotype_group": "coding",
      "so_acc": "SO:0000470"
    }
  },
  {
    "model": "ensembl_production_db.masterbiotype",
    "pk": 8,
    "fields": {
      "created_by": null,
      "created_at": "2019-03-21T15:00:34Z",
      "modified_by": 101214,
      "modified_at": "2018-11-07T10:56:10Z",
      "is_current": 1,
      "name": "IG_J_pseudogene",
      "is_dumped": 1,
      "object_type": "transcript",
      "db_type": "core,otherfeatures,presite",
      "attrib_type_id": null,
      "description": null,
      "biotype_group": "pseudogene",
      "so_acc": "SO:0000516"
    }
  },
  {
    "model": "ensembl_production_db.masterbiotype",
    "pk": 10,
    "fields": {
      "created_by": null,
      "created_at": "2019-03-21T15:00:34Z",
      "modified_by": 101214,
      "modified_at": "2014-11-06T15:45:24Z",
      "is_current": 1,
      "name": "IG_V_gene",
      "is_dumped": 1,
      "object_type": "transcript",
      "db_type": "core,otherfeatures,presite",
      "attrib_type_id": null,
      "description": null,
      "biotype_group": "coding",
      "so_acc": "SO:0000466"
    }
  },
  {
    "model": "ensembl_production_db.masterbiotype",
    "pk": 12,
    "fields": {
      "created_by": null,
      "created_at": "2019-03-21T15:00:34Z",
      "modified_by": 101214,
      "modified_at": "2018-11-07T10:55:48Z",
      "is_current": 1,
      "name": "IG_V_pseudogene",
      "is_dumped": 1,
      "object_type": "transcript",
      "db_type": "core,otherfeatures,presite",
      "attrib_type_id": null,
      "description": null,
      "biotype_group": "pseudogene",
      "so_acc": "SO:0000516"
    }
  },
  {
    "model": "ensembl_production_db.masterbiotype",
    "pk": 13,
    "fields": {
      "created_by": null,
      "created_at": "2019-03-21T15:00:34Z",
      "modified_by": null,
      "modified_at": "2019-03-21T15:00:34Z",
      "is_current": 1,
      "name": "IG_gene",
      "is_dumped": 1,
      "object_type": "gene",
      "db_type": "vega",
      "attrib_type_id": null,
      "description": null,
      "biotype_group": "coding",
      "so_acc": "SO:0001217"
    }
  },
  {
    "model": "ensembl_production_db.masterbiotype",
    "pk": 14,
    "fields": {
      "created_by": null,
      "created_at": "2019-03-21T15:00:34Z",
      "modified_by": null,
      "modified_at": "2019-03-21T15:00:34Z",
      "is_current": 1,
      "name": "IG_gene",
      "is_dumped": 1,
      "object_type": "transcript",
      "db_type": "vega",
      "attrib_type_id": null,
      "description": null,
      "biotype_group": "coding",
      "so_acc": "SO:3000000"
    }
  },
  {
    "model": "ensembl_production_db.masterbiotype",
    "pk": 16,
    "fields": {
      "created_by": null,
      "created_at": "2019-03-21T15:00:34Z",
      "modified_by": 107110,
      "modified_at": "2014-12-11T10:51:29Z",
      "is_current": 1,
      "name": "IG_pseudogene",
      "is_dumped": 1,
      "object_type": "transcript",
      "db_type": "core,vega,presite",
      "attrib_type_id": null,
      "description": null,
      "biotype_group": "pseudogene",
      "so_acc": "SO:0000516"
    }
  },
  {
    "model": "ensembl_production_db.masterbiotype",
    "pk": 17,
    "fields": {
      "created_by": null,
      "created_at": "2019-03-21T15:00:34Z",
      "modified_by": 97245,
      "modified_at": "2014-08-27T10:46:00Z",
      "is_current": 1,
      "name": "LRG_gene",
      "is_dumped": 1,
      "object_type": "gene",
      "db_type": "core",
      "attrib_type_id": null,
      "description": null,
      "biotype_group": "LRG",
      "so_acc": null
    }
  },
  {
    "model": "ensembl_production_db.masterbiotype",
    "pk": 18,
    "fields": {
      "created_by": null,
      "created_at": "2019-03-21T15:00:34Z",
      "modified_by": 97245,
      "modified_at": "2014-08-27T10:46:09Z",
      "is_current": 1,
      "name": "LRG_gene",
      "is_dumped": 1,
      "object_type": "transcript",
      "db_type": "core",
      "attrib_type_id": null,
      "description": null,
      "biotype_group": "LRG",
      "so_acc": null
    }
  },
  {
    "model": "ensembl_production_db.masterbiotype",
    "pk": 20,
    "fields": {
      "created_by": null,
      "created_at": "2019-03-21T15:00:34Z",
      "modified_by": 104957,
      "modified_at": "2014-03-21T15:18:10Z",
      "is_current": 1,
      "name": "Mt_rRNA",
      "is_dumped": 1,
      "object_type": "transcript",
      "db_type": "core,presite",
      "attrib_type_id": null,
      "description": null,
      "biotype_group": "snoncoding",
      "so_acc": "SO:0000252"
    }
  },
  {
    "model": "ensembl_production_db.masterbiotype",
    "pk": 22,
    "fields": {
      "created_by": null,
      "created_at": "2019-03-21T15:00:34Z",
      "modified_by": 104957,
      "modified_at": "2014-03-21T15:15:44Z",
      "is_current": 1,
      "name": "Mt_tRNA",
      "is_dumped": 1,
      "object_type": "transcript",
      "db_type": "core,presite",
      "attrib_type_id": null,
      "description": null,
      "biotype_group": "snoncoding",
      "so_acc": "SO:0000253"
    }
  },
  {
    "model": "ensembl_production_db.masterbiotype",
    "pk": 24,
    "fields": {
      "created_by": null,
      "created_at": "2019-03-21T15:00:34Z",
      "modified_by": 5132,
      "modified_at": "2014-10-28T12:19:45Z",
      "is_current": 1,
      "name": "Mt_tRNA_pseudogene",
      "is_dumped": 1,
      "object_type": "transcript",
      "db_type": "core",
      "attrib_type_id": null,
      "description": "noncoding RNA pseudogene",
      "biotype_group": "pseudogene",
      "so_acc": "SO:0000516"
    }
  },
  {
    "model": "ensembl_production_db.masterbiotype",
    "pk": 25,
    "fields": {
      "created_by": null,
      "created_at": "2019-03-21T15:00:34Z",
      "modified_by": null,
      "modified_at": "2019-03-21T15:00:34Z",
      "is_current": 1,
      "name": "RNA-Seq_gene",
      "is_dumped": 1,
      "object_type": "gene",
      "db_type": "otherfeatures",
      "attrib_type_id": null,
      "description": null,
      "biotype_group": "undefined",
      "so_acc": null
    }
  },
  {
    "model": "ensembl_production_db.masterbiotype",
    "pk": 26,
    "fields": {
      "created_by": null,
      "created_at": "2019-03-21T15:00:34Z",
      "modified_by": null,
      "modified_at": "2019-03-21T15:00:34Z",
      "is_current": 1,
      "name": "RNA-Seq_gene",
      "is_dumped": 1,
      "object_type": "transcript",
      "db_type": "otherfeatures",
      "attrib_type_id": null,
      "description": null,
      "biotype_group": "undefined",
      "so_acc": null
    }
  },
  {
    "model": "ensembl_production_db.masterbiotype",
    "pk": 28,
    "fields": {
      "created_by": null,
      "created_at": "2019-03-21T15:00:34Z",
      "modified_by": 104991,
      "modified_at": "2014-08-26T11:45:14Z",
      "is_current": 1,
      "name": "TEC",
      "is_dumped": 0,
      "object_type": "transcript",
      "db_type": "core,vega,sangervega",
      "attrib_type_id": null,
      "description": null,
      "biotype_group": "undefined",
      "so_acc": "SO:0002139"
    }
  },
  {
    "model": "ensembl_production_db.masterbiotype",
    "pk": 29,
    "fields": {
      "created_by": null,
      "created_at": "2019-03-21T15:00:34Z",
      "modified_by": null,
      "modified_at": "2019-03-21T15:00:34Z",
      "is_current": 1,
      "name": "TR_gene",
      "is_dumped": 1,
      "object_type": "gene",
      "db_type": "vega",
      "attrib_type_id": null,
      "description": null,
      "biotype_group": "coding",
      "so_acc": "SO:0001217"
    }
  },
  {
    "model": "ensembl_production_db.masterbiotype",
    "pk": 30,
    "fields": {
      "created_by": null,
      "created_at": "2019-03-21T15:00:34Z",
      "modified_by": null,
      "modified_at": "2019-03-21T15:00:34Z",
      "is_current": 1,
      "name": "TR_gene",
      "is_dumped": 1,
      "object_type": "transcript",
      "db_type": "core,vega",
      "attrib_type_id": null,
      "description": null,
      "biotype_group": "coding",
      "so_acc": "SO:3000000"
    }
  },
  {
    "model": "ensembl_production_db.masterbiotype",
    "pk": 31,
    "fields": {
      "created_by": null,
      "created_at": "2019-03-21T15:00:34Z",
      "modified_by": 5132,
      "modified_at": "2013-07-08T12:44:42Z",
      "is_current": 1,
      "name": "TR_pseudogene",
      "is_dumped": 1,
      "object_type": "gene",
      "db_type": "vega",
      "attrib_type_id": null,
      "description": null,
      "biotype_group": "pseudogene",
      "so_acc": "SO:0000336"
    }
  },
  {
    "model": "ensembl_production_db.masterbiotype",
    "pk": 33,
    "fields": {
      "created_by": null,
      "created_at": "2019-03-21T15:00:34Z",
      "modified_by": 5132,
      "modified_at": "2013-07-08T12:33:27Z",
      "is_current": 1,
      "name": "ambiguous_orf",
      "is_dumped": 1,
      "object_type": "transcript",
      "db_type": "core,vega",
      "attrib_type_id": null,
      "description": null,
      "biotype_group": "lnoncoding",
      "so_acc": "SO:0001877"
    }
  },
  {
    "model": "ensembl_production_db.masterbiotype",
    "pk": 35,
    "fields": {
      "created_by": null,
      "created_at": "2019-03-21T15:00:34Z",
      "modified_by": 97245,
      "modified_at": "2011-10-26T08:58:38Z",
      "is_current": 1,
      "name": "cdna_update",
      "is_dumped": 1,
      "object_type": "gene",
      "db_type": "cdna",
      "attrib_type_id": null,
      "description": null,
      "biotype_group": "undefined",
      "so_acc": null
    }
  },
  {
    "model": "ensembl_production_db.masterbiotype",
    "pk": 36,
    "fields": {
      "created_by": null,
      "created_at": "2019-03-21T15:00:34Z",
      "modified_by": 97245,
      "modified_at": "2011-10-26T08:58:49Z",
      "is_current": 1,
      "name": "cdna_update",
      "is_dumped": 1,
      "object_type": "transcript",
      "db_type": "cdna",
      "attrib_type_id": null,
      "description": null,
      "biotype_group": "undefined",
      "so_acc": null
    }
  },
  {
    "model": "ensembl_production_db.masterbiotype",
    "pk": 37,
    "fields": {
      "created_by": null,
      "created_at": "2019-03-21T15:00:34Z",
      "modified_by": null,
      "modified_at": "2019-03-21T15:00:34Z",
      "is_current": 1,
      "name": "cdna",
      "is_dumped": 1,
      "object_type": "gene",
      "db_type": "otherfeatures",
      "attrib_type_id": null,
      "description": null,
      "biotype_group": "undefined",
      "so_acc": "SO:0000756"
    }
  },
  {
    "model": "ensembl_production_db.masterbiotype",
    "pk": 38,
    "fields": {
      "created_by": null,
      "created_at": "2019-03-21T15:00:34Z",
      "modified_by": null,
      "modified_at": "2019-03-21T15:00:34Z",
      "is_current": 1,
      "name": "cdna",
      "is_dumped": 1,
      "object_type": "transcript",
      "db_type": "otherfeatures",
      "attrib_type_id": null,
      "description": null,
      "biotype_group": "undefined",
      "so_acc": "SO:0000756"
    }
  },
  {
    "model": "ensembl_production_db.masterbiotype",
    "pk": 39,
    "fields": {
      "created_by": null,
      "created_at": "2019-03-21T15:00:34Z",
      "modified_by": null,
      "modified_at": "2019-03-21T15:00:34Z",
      "is_current": 1,
      "name": "disrupted_domain",
      "is_dumped": 1,
      "object_type": "transcript",
      "db_type": "core,vega",
      "attrib_type_id": null,
      "description": null,
      "biotype_group": "pseudogene",
      "so_acc": "SO:0000516"
    }
  },
  {
    "model": "ensembl_production_db.masterbiotype",
    "pk": 40,
    "fields": {
      "created_by": null,
      "created_at": "2019-03-21T15:00:34Z",
      "modified_by": null,
      "modified_at": "2019-03-21T15:00:34Z",
      "is_current": 1,
      "name": "est",
      "is_dumped": 1,
      "object_type": "gene",
      "db_type": "otherfeatures",
      "attrib_type_id": null,
      "description": null,
      "biotype_group": "undefined",
      "so_acc": null
    }
  },
  {
    "model": "ensembl_production_db.masterbiotype",
    "pk": 41,
    "fields": {
      "created_by": null,
      "created_at": "2019-03-21T15:00:34Z",
      "modified_by": null,
      "modified_at": "2019-03-21T15:00:34Z",
      "is_current": 1,
      "name": "est",
      "is_dumped": 1,
      "object_type": "transcript",
      "db_type": "otherfeatures",
      "attrib_type_id": null,
      "description": null,
      "biotype_group": "undefined",
      "so_acc": "SO:0000345"
    }
  },
  {
    "model": "ensembl_production_db.masterbiotype",
    "pk": 43,
    "fields": {
      "created_by": null,
      "created_at": "2019-03-21T15:00:34Z",
      "modified_by": 104957,
      "modified_at": "2014-03-21T15:17:09Z",
      "is_current": 1,
      "name": "lincRNA",
      "is_dumped": 1,
      "object_type": "transcript",
      "db_type": "core,vega,presite",
      "attrib_type_id": null,
      "description": null,
      "biotype_group": "lnoncoding",
      "so_acc": "SO:0001877"
    }
  },
  {
    "model": "ensembl_production_db.masterbiotype",
    "pk": 45,
    "fields": {
      "created_by": null,
      "created_at": "2019-03-21T15:00:34Z",
      "modified_by": 104957,
      "modified_at": "2014-03-21T15:16:09Z",
      "is_current": 1,
      "name": "miRNA",
      "is_dumped": 1,
      "object_type": "transcript",
      "db_type": "core,otherfeatures,presite",
      "attrib_type_id": null,
      "description": "From RefSeq import.",
      "biotype_group": "snoncoding",
      "so_acc": "SO:0000276"
    }
  },
  {
    "model": "ensembl_production_db.masterbiotype",
    "pk": 47,
    "fields": {
      "created_by": null,
      "created_at": "2019-03-21T15:00:34Z",
      "modified_by": 5132,
      "modified_at": "2014-10-28T12:19:45Z",
      "is_current": 1,
      "name": "miRNA_pseudogene",
      "is_dumped": 1,
      "object_type": "transcript",
      "db_type": "core",
      "attrib_type_id": null,
      "description": "noncoding RNA pseudogene",
      "biotype_group": "pseudogene",
      "so_acc": "SO:0000516"
    }
  },
  {
    "model": "ensembl_production_db.masterbiotype",
    "pk": 48,
    "fields": {
      "created_by": null,
      "created_at": "2019-03-21T15:00:34Z",
      "modified_by": 104957,
      "modified_at": "2015-01-15T11:50:46Z",
      "is_current": 1,
      "name": "misc_RNA",
      "is_dumped": 1,
      "object_type": "gene",
      "db_type": "core,otherfeatures,presite",
      "attrib_type_id": null,
      "description": null,
      "biotype_group": "mnoncoding",
      "so_acc": "SO:0001263"
    }
  },
  {
    "model": "ensembl_production_db.masterexternaldb",
    "pk": 210,
    "fields": {
      "created_by": null,
      "created_at": "2019-03-21T15:00:34Z",
      "modified_by": 97245,
      "modified_at": "2015-12-18T13:04:54Z",
      "is_current": 0,
      "db_name": "Anopheles_symbol",
      "db_release": null,
      "status": "KNOWN",
      "priority": 50,
      "db_display_name": "Anopheles symbol",
      "type": "MISC",
      "secondary_db_name": null,
      "secondary_db_table": null,
      "description": null
    }
  },
  {
    "model": "ensembl_production_db.masterexternaldb",
    "pk": 211,
    "fields": {
      "created_by": null,
      "created_at": "2019-03-21T15:00:34Z",
      "modified_by": null,
      "modified_at": "2019-03-21T15:00:34Z",
      "is_current": 1,
      "db_name": "VB_Community_Symbol",
      "db_release": null,
      "status": "KNOWN",
      "priority": 50,
      "db_display_name": "VB Community Symbol",
      "type": "MISC",
      "secondary_db_name": null,
      "secondary_db_table": null,
      "description": null
    }
  },
  {
    "model": "ensembl_production_db.masterexternaldb",
    "pk": 212,
    "fields": {
      "created_by": null,
      "created_at": "2019-03-21T15:00:34Z",
      "modified_by": null,
      "modified_at": "2019-03-21T15:00:34Z",
      "is_current": 1,
      "db_name": "VB_External_Description",
      "db_release": "1",
      "status": "PRED",
      "priority": 50,
      "db_display_name": "VB External Description",
      "type": "MISC",
      "secondary_db_name": null,
      "secondary_db_table": null,
      "description": null
    }
  },
  {
    "model": "ensembl_production_db.masterexternaldb",
    "pk": 213,
    "fields": {
      "created_by": null,
      "created_at": "2019-03-21T15:00:34Z",
      "modified_by": null,
      "modified_at": "2019-03-21T15:00:34Z",
      "is_current": 1,
      "db_name": "VB_RNA_Description",
      "db_release": "1",
      "status": "PRED",
      "priority": 50,
      "db_display_name": "VB RNA Description",
      "type": "MISC",
      "secondary_db_name": null,
      "secondary_db_table": null,
      "description": null
    }
  },
  {
    "model": "ensembl_production_db.masterexternaldb",
    "pk": 214,
    "fields": {
      "created_by": null,
      "created_at": "2019-03-21T15:00:34Z",
      "modified_by": null,
      "modified_at": "2019-03-21T15:00:34Z",
      "is_current": 0,
      "db_name": "VB_Community_Annotation",
      "db_release": "1",
      "status": "KNOWN",
      "priority": 50,
      "db_display_name": "VB Community Annotation",
      "type": "MISC",
      "secondary_db_name": null,
      "secondary_db_table": null,
      "description": null
    }
  },
  {
    "model": "ensembl_production_db.masterexternaldb",
    "pk": 230,
    "fields": {
      "created_by": null,
      "created_at": "2019-03-21T15:00:34Z",
      "modified_by": null,
      "modified_at": "2019-03-21T15:00:34Z",
      "is_current": 1,
      "db_name": "Ribosomal_Protein_Gene_Database",
      "db_release": "Dec.2010",
      "status": "XREF",
      "priority": 50,
      "db_display_name": "Ribosomal Protein Gene DB",
      "type": "MISC",
      "secondary_db_name": null,
      "secondary_db_table": null,
      "description": null
    }
  },
  {
    "model": "ensembl_production_db.masterexternaldb",
    "pk": 250,
    "fields": {
      "created_by": null,
      "created_at": "2019-03-21T15:00:34Z",
      "modified_by": null,
      "modified_at": "2019-03-21T15:00:34Z",
      "is_current": 1,
      "db_name": "ImmunoDB",
      "db_release": "1",
      "status": "KNOWN",
      "priority": 50,
      "db_display_name": "ImmunoDB",
      "type": "MISC",
      "secondary_db_name": null,
      "secondary_db_table": null,
      "description": null
    }
  },
  {
    "model": "ensembl_production_db.masterexternaldb",
    "pk": 300,
    "fields": {
      "created_by": null,
      "created_at": "2019-03-21T15:00:34Z",
      "modified_by": 97245,
      "modified_at": "2015-12-18T13:04:54Z",
      "is_current": 0,
      "db_name": "BRIGGSAE_HYBRID",
      "db_release": null,
      "status": "KNOWNXREF",
      "priority": 5,
      "db_display_name": "Briggsae Hybrid",
      "type": "MISC",
      "secondary_db_name": null,
      "secondary_db_table": null,
      "description": null
    }
  },
  {
    "model": "ensembl_production_db.masterexternaldb",
    "pk": 400,
    "fields": {
      "created_by": null,
      "created_at": "2019-03-21T15:00:34Z",
      "modified_by": null,
      "modified_at": "2019-03-21T15:00:34Z",
      "is_current": 1,
      "db_name": "Celera_Gene",
      "db_release": null,
      "status": "PRED",
      "priority": 5,
      "db_display_name": "Celera gene",
      "type": "MISC",
      "secondary_db_name": null,
      "secondary_db_table": null,
      "description": null
    }
  },
  {
    "model": "ensembl_production_db.masterexternaldb",
    "pk": 410,
    "fields": {
      "created_by": null,
      "created_at": "2019-03-21T15:00:34Z",
      "modified_by": null,
      "modified_at": "2019-03-21T15:00:34Z",
      "is_current": 1,
      "db_name": "Celera_Pep",
      "db_release": null,
      "status": "PRED",
      "priority": 5,
      "db_display_name": "Celera peptide",
      "type": "MISC",
      "secondary_db_name": null,
      "secondary_db_table": null,
      "description": null
    }
  },
  {
    "model": "ensembl_production_db.masterexternaldb",
    "pk": 420,
    "fields": {
      "created_by": null,
      "created_at": "2019-03-21T15:00:34Z",
      "modified_by": null,
      "modified_at": "2019-03-21T15:00:34Z",
      "is_current": 1,
      "db_name": "Celera_Trans",
      "db_release": null,
      "status": "PRED",
      "priority": 5,
      "db_display_name": "Celera transcript",
      "type": "MISC",
      "secondary_db_name": null,
      "secondary_db_table": null,
      "description": null
    }
  },
  {
    "model": "ensembl_production_db.masterexternaldb",
    "pk": 600,
    "fields": {
      "created_by": null,
      "created_at": "2019-03-21T15:00:34Z",
      "modified_by": 97245,
      "modified_at": "2015-12-18T13:04:55Z",
      "is_current": 0,
      "db_name": "DROS_ORTH",
      "db_release": null,
      "status": "ORTH",
      "priority": 5,
      "db_display_name": "DROS ORTH",
      "type": "MISC",
      "secondary_db_name": null,
      "secondary_db_table": null,
      "description": null
    }
  },
  {
    "model": "ensembl_production_db.masterexternaldb",
    "pk": 700,
    "fields": {
      "created_by": null,
      "created_at": "2019-03-21T15:00:34Z",
      "modified_by": null,
      "modified_at": "2019-03-21T15:00:34Z",
      "is_current": 1,
      "db_name": "EMBL",
      "db_release": null,
      "status": "KNOWNXREF",
      "priority": 5,
      "db_display_name": "European Nucleotide Archive",
      "type": "MISC",
      "secondary_db_name": null,
      "secondary_db_table": null,
      "description": null
    }
  },
  {
    "model": "ensembl_production_db.masterexternaldb",
    "pk": 701,
    "fields": {
      "created_by": null,
      "created_at": "2019-03-21T15:00:34Z",
      "modified_by": null,
      "modified_at": "2019-03-21T15:00:34Z",
      "is_current": 1,
      "db_name": "EMBL_predicted",
      "db_release": null,
      "status": "PRED",
      "priority": 119,
      "db_display_name": "Predicted European Nucleotide Archive",
      "type": "MISC",
      "secondary_db_name": null,
      "secondary_db_table": null,
      "description": null
    }
  },
  {
    "model": "ensembl_production_db.masterexternaldb",
    "pk": 800,
    "fields": {
      "created_by": null,
      "created_at": "2019-03-21T15:00:34Z",
      "modified_by": 105967,
      "modified_at": "2016-06-02T09:41:19Z",
      "is_current": 1,
      "db_name": "flybase_gene_id",
      "db_release": null,
      "status": "KNOWNXREF",
      "priority": 5,
      "db_display_name": "FlyBase gene",
      "type": "MISC",
      "secondary_db_name": null,
      "secondary_db_table": null,
      "description": null
    }
  },
  {
    "model": "ensembl_production_db.masterexternaldb",
    "pk": 801,
    "fields": {
      "created_by": null,
      "created_at": "2019-03-21T15:00:34Z",
      "modified_by": 105967,
      "modified_at": "2016-06-02T09:41:47Z",
      "is_current": 1,
      "db_name": "flybase_translation_id",
      "db_release": null,
      "status": "KNOWNXREF",
      "priority": 5,
      "db_display_name": "FlyBase translation",
      "type": "MISC",
      "secondary_db_name": null,
      "secondary_db_table": null,
      "description": null
    }
  },
  {
    "model": "ensembl_production_db.masterexternaldb",
    "pk": 802,
    "fields": {
      "created_by": null,
      "created_at": "2019-03-21T15:00:34Z",
      "modified_by": 97245,
      "modified_at": "2015-12-18T13:04:57Z",
      "is_current": 0,
      "db_name": "flybase_gff",
      "db_release": null,
      "status": "KNOWNXREF",
      "priority": 5,
      "db_display_name": "Flybase GFF",
      "type": "MISC",
      "secondary_db_name": null,
      "secondary_db_table": null,
      "description": null
    }
  },
  {
    "model": "ensembl_production_db.masterexternaldb",
    "pk": 803,
    "fields": {
      "created_by": null,
      "created_at": "2019-03-21T15:00:34Z",
      "modified_by": 97245,
      "modified_at": "2015-12-18T13:04:57Z",
      "is_current": 0,
      "db_name": "flybase_polypeptide_id",
      "db_release": null,
      "status": "KNOWNXREF",
      "priority": 5,
      "db_display_name": "Flybase Polypeptide ID",
      "type": "MISC",
      "secondary_db_name": null,
      "secondary_db_table": null,
      "description": null
    }
  },
  {
    "model": "ensembl_production_db.masterexternaldb",
    "pk": 804,
    "fields": {
      "created_by": null,
      "created_at": "2019-03-21T15:00:34Z",
      "modified_by": 105967,
      "modified_at": "2016-06-02T09:43:03Z",
      "is_current": 1,
      "db_name": "flybase_annotation_id",
      "db_release": null,
      "status": "KNOWNXREF",
      "priority": 5,
      "db_display_name": "FlyBase annotation",
      "type": "MISC",
      "secondary_db_name": null,
      "secondary_db_table": null,
      "description": null
    }
  },
  {
    "model": "ensembl_production_db.masterexternaldb",
    "pk": 805,
    "fields": {
      "created_by": null,
      "created_at": "2019-03-21T15:00:34Z",
      "modified_by": 105967,
      "modified_at": "2016-06-02T09:41:28Z",
      "is_current": 1,
      "db_name": "flybase_symbol",
      "db_release": null,
      "status": "KNOWNXREF",
      "priority": 50,
      "db_display_name": "FlyBase symbol",
      "type": "MISC",
      "secondary_db_name": null,
      "secondary_db_table": null,
      "description": null
    }
  },
  {
    "model": "ensembl_production_db.masterexternaldb",
    "pk": 806,
    "fields": {
      "created_by": null,
      "created_at": "2019-03-21T15:00:34Z",
      "modified_by": 97245,
      "modified_at": "2015-12-18T13:04:57Z",
      "is_current": 0,
      "db_name": "flybase_synonym",
      "db_release": null,
      "status": "KNOWNXREF",
      "priority": 5,
      "db_display_name": "Flybase Synonym",
      "type": "MISC",
      "secondary_db_name": null,
      "secondary_db_table": null,
      "description": null
    }
  },
  {
    "model": "ensembl_production_db.masterexternaldb",
    "pk": 807,
    "fields": {
      "created_by": null,
      "created_at": "2019-03-21T15:00:34Z",
      "modified_by": 97245,
      "modified_at": "2015-12-18T13:04:57Z",
      "is_current": 0,
      "db_name": "flybase_name",
      "db_release": null,
      "status": "KNOWNXREF",
      "priority": 5,
      "db_display_name": "Flybase Name",
      "type": "MISC",
      "secondary_db_name": null,
      "secondary_db_table": null,
      "description": null
    }
  },
  {
    "model": "ensembl_production_db.masterexternaldb",
    "pk": 808,
    "fields": {
      "created_by": null,
      "created_at": "2019-03-21T15:00:34Z",
      "modified_by": 105967,
      "modified_at": "2016-06-02T09:37:24Z",
      "is_current": 1,
      "db_name": "flybase_transcript_id",
      "db_release": null,
      "status": "KNOWNXREF",
      "priority": 299,
      "db_display_name": "FlyBase transcript",
      "type": "MISC",
      "secondary_db_name": null,
      "secondary_db_table": null,
      "description": null
    }
  },
  {
    "model": "ensembl_production_db.masterexternaldb",
    "pk": 810,
    "fields": {
      "created_by": null,
      "created_at": "2019-03-21T15:00:34Z",
      "modified_by": 97245,
      "modified_at": "2015-12-18T13:04:57Z",
      "is_current": 0,
      "db_name": "gadfly_gene_cgid",
      "db_release": null,
      "status": "XREF",
      "priority": 10,
      "db_display_name": "Gadfly gene CGID",
      "type": "MISC",
      "secondary_db_name": null,
      "secondary_db_table": null,
      "description": null
    }
  },
  {
    "model": "ensembl_production_db.masterexternaldb",
    "pk": 811,
    "fields": {
      "created_by": null,
      "created_at": "2019-03-21T15:00:34Z",
      "modified_by": 97245,
      "modified_at": "2015-12-18T13:04:57Z",
      "is_current": 0,
      "db_name": "gadfly_transcript_cgid",
      "db_release": null,
      "status": "XREF",
      "priority": 10,
      "db_display_name": "Gadfly transcript CGID",
      "type": "MISC",
      "secondary_db_name": null,
      "secondary_db_table": null,
      "description": null
    }
  },
  {
    "model": "ensembl_production_db.masterexternaldb",
    "pk": 812,
    "fields": {
      "created_by": null,
      "created_at": "2019-03-21T15:00:34Z",
      "modified_by": null,
      "modified_at": "2019-03-21T15:00:34Z",
      "is_current": 1,
      "db_name": "gadfly_translation_cgid",
      "db_release": null,
      "status": "XREF",
      "priority": 10,
      "db_display_name": "Gadfly translation CGID",
      "type": "MISC",
      "secondary_db_name": null,
      "secondary_db_table": null,
      "description": null
    }
  },
  {
    "model": "ensembl_production_db.masterexternaldb",
    "pk": 821,
    "fields": {
      "created_by": null,
      "created_at": "2019-03-21T15:00:34Z",
      "modified_by": 97245,
      "modified_at": "2015-11-18T09:04:53Z",
      "is_current": 1,
      "db_name": "FlyBaseName_gene",
      "db_release": null,
      "status": "KNOWN",
      "priority": 5,
      "db_display_name": "FlyBase gene name",
      "type": "PRIMARY_DB_SYNONYM",
      "secondary_db_name": null,
      "secondary_db_table": null,
      "description": null
    }
  },
  {
    "model": "ensembl_production_db.masterexternaldb",
    "pk": 824,
    "fields": {
      "created_by": null,
      "created_at": "2019-03-21T15:00:34Z",
      "modified_by": null,
      "modified_at": "2019-03-21T15:00:34Z",
      "is_current": 1,
      "db_name": "FlyBaseName_translation",
      "db_release": null,
      "status": "KNOWN",
      "priority": 5,
      "db_display_name": "FlyBase translation name",
      "type": "MISC",
      "secondary_db_name": null,
      "secondary_db_table": null,
      "description": null
    }
  },
  {
    "model": "ensembl_production_db.masterexternaldb",
    "pk": 825,
    "fields": {
      "created_by": null,
      "created_at": "2019-03-21T15:00:34Z",
      "modified_by": null,
      "modified_at": "2019-03-21T15:00:34Z",
      "is_current": 1,
      "db_name": "FlyBaseName_transcript",
      "db_release": null,
      "status": "XREF",
      "priority": 50,
      "db_display_name": "FlyBase transcript name",
      "type": "MISC",
      "secondary_db_name": null,
      "secondary_db_table": null,
      "description": null
    }
  },
  {
    "model": "ensembl_production_db.masterexternaldb",
    "pk": 826,
    "fields": {
      "created_by": null,
      "created_at": "2019-03-21T15:00:34Z",
      "modified_by": 97245,
      "modified_at": "2015-11-18T09:04:44Z",
      "is_current": 1,
      "db_name": "FlyBaseCGID_gene",
      "db_release": null,
      "status": "XREF",
      "priority": 5,
      "db_display_name": "FlyBase gene CGID",
      "type": "PRIMARY_DB_SYNONYM",
      "secondary_db_name": null,
      "secondary_db_table": null,
      "description": null
    }
  },
  {
    "model": "ensembl_production_db.masterexternaldb",
    "pk": 827,
    "fields": {
      "created_by": null,
      "created_at": "2019-03-21T15:00:34Z",
      "modified_by": null,
      "modified_at": "2019-03-21T15:00:34Z",
      "is_current": 1,
      "db_name": "FlyBaseCGID_transcript",
      "db_release": null,
      "status": "XREF",
      "priority": 50,
      "db_display_name": "FlyBase transcript CGID",
      "type": "MISC",
      "secondary_db_name": null,
      "secondary_db_table": null,
      "description": null
    }
  },
  {
    "model": "ensembl_production_db.masterexternaldb",
    "pk": 828,
    "fields": {
      "created_by": null,
      "created_at": "2019-03-21T15:00:34Z",
      "modified_by": null,
      "modified_at": "2019-03-21T15:00:34Z",
      "is_current": 1,
      "db_name": "FlyBaseCGID_translation",
      "db_release": null,
      "status": "XREF",
      "priority": 50,
      "db_display_name": "FlyBase translation CGID",
      "type": "MISC",
      "secondary_db_name": null,
      "secondary_db_table": null,
      "description": null
    }
  },
  {
    "model": "ensembl_production_db.masterexternaldb",
    "pk": 829,
    "fields": {
      "created_by": null,
      "created_at": "2019-03-21T15:00:34Z",
      "modified_by": null,
      "modified_at": "2019-03-21T15:00:34Z",
      "is_current": 1,
      "db_name": "BioGRID",
      "db_release": null,
      "status": "KNOWNXREF",
      "priority": 5,
      "db_display_name": "BioGRID Interaction data, The General Repository for Interaction Datasets",
      "type": "MISC",
      "secondary_db_name": null,
      "secondary_db_table": null,
      "description": null
    }
  },
  {
    "model": "ensembl_production_db.masterexternaldb",
    "pk": 830,
    "fields": {
      "created_by": null,
      "created_at": "2019-03-21T15:00:34Z",
      "modified_by": 97245,
      "modified_at": "2015-12-18T13:04:57Z",
      "is_current": 0,
      "db_name": "FlyExpress",
      "db_release": null,
      "status": "KNOWNXREF",
      "priority": 5,
      "db_display_name": "FlyExpress, expression patterns of developmentally relevant genes in Drosophila embryogenesis",
      "type": "MISC",
      "secondary_db_name": null,
      "secondary_db_table": null,
      "description": null
    }
  },
  {
    "model": "ensembl_production_db.masterexternaldb",
    "pk": 831,
    "fields": {
      "created_by": null,
      "created_at": "2019-03-21T15:00:34Z",
      "modified_by": null,
      "modified_at": "2019-03-21T15:00:34Z",
      "is_current": 1,
      "db_name": "GenomeRNAi",
      "db_release": null,
      "status": "KNOWNXREF",
      "priority": 5,
      "db_display_name": "GenomeRNAi, a database for cell-based RNAi phenotypes",
      "type": "MISC",
      "secondary_db_name": null,
      "secondary_db_table": null,
      "description": null
    }
  },
  {
    "model": "ensembl_production_db.masterexternaldb",
    "pk": 832,
    "fields": {
      "created_by": null,
      "created_at": "2019-03-21T15:00:34Z",
      "modified_by": null,
      "modified_at": "2019-03-21T15:00:34Z",
      "is_current": 1,
      "db_name": "InteractiveFly",
      "db_release": null,
      "status": "KNOWNXREF",
      "priority": 5,
      "db_display_name": "The Interactive Fly",
      "type": "MISC",
      "secondary_db_name": null,
      "secondary_db_table": null,
      "description": null
    }
  },
  {
    "model": "ensembl_production_db.masterexternaldb",
    "pk": 833,
    "fields": {
      "created_by": null,
      "created_at": "2019-03-21T15:00:34Z",
      "modified_by": null,
      "modified_at": "2019-03-21T15:00:34Z",
      "is_current": 1,
      "db_name": "MitoDrome",
      "db_release": null,
      "status": "KNOWNXREF",
      "priority": 5,
      "db_display_name": "Nuclear genes encoding proteins targeted to the mitochondrion",
      "type": "MISC",
      "secondary_db_name": null,
      "secondary_db_table": null,
      "description": null
    }
  },
  {
    "model": "ensembl_production_db.masterexternaldb",
    "pk": 880,
    "fields": {
      "created_by": null,
      "created_at": "2019-03-21T15:00:34Z",
      "modified_by": 97245,
      "modified_at": "2015-12-18T13:04:54Z",
      "is_current": 0,
      "db_name": "BDGP_insitu_expr",
      "db_release": null,
      "status": "KNOWNXREF",
      "priority": 5,
      "db_display_name": "Berkeley Drosophila Genome Project in situ Gene Expression Database (embryogenesis)",
      "type": "MISC",
      "secondary_db_name": null,
      "secondary_db_table": null,
      "description": null
    }
  },
  {
    "model": "ensembl_production_db.masterexternaldb",
    "pk": 882,
    "fields": {
      "created_by": null,
      "created_at": "2019-03-21T15:00:34Z",
      "modified_by": 97245,
      "modified_at": "2015-12-18T13:04:57Z",
      "is_current": 0,
      "db_name": "FlyGrid",
      "db_release": null,
      "status": "KNOWNXREF",
      "priority": 5,
      "db_display_name": "FlyGRID Interaction Data, The General Repository for Interaction Datasets",
      "type": "MISC",
      "secondary_db_name": null,
      "secondary_db_table": null,
      "description": null
    }
  }
]